ParamKey,ParamLabel,Level,LevelLabel,Scene,Run,Seed,BestFitness,Runtime,Feasible,Violation,NEvals,FirstFeasibleIter,RepairCount,RepairSuccessCount,ViabilityFieldCount,ViabilityFieldSuccessCount
quota_scale,CVF candidate quota scale,low,0.67x CVF sparse trigger quota,2,1,20380732,300.819759643311,16.4026346,1,0,9547,0,511,338,6,3
quota_scale,CVF candidate quota scale,low,0.67x CVF sparse trigger quota,2,2,20380733,296.693534434739,16.0111432,1,0,9549,8,507,308,12,10
quota_scale,CVF candidate quota scale,low,0.67x CVF sparse trigger quota,2,3,20380734,307.675490579374,15.8269766,1,0,9551,0,515,323,6,3
quota_scale,CVF candidate quota scale,low,0.67x CVF sparse trigger quota,2,4,20380735,302.048727987464,16.2579314,1,0,9551,0,514,352,7,6
quota_scale,CVF candidate quota scale,low,0.67x CVF sparse trigger quota,2,5,20380736,303.609266042916,16.2652278,1,0,9548,4,511,325,7,6
quota_scale,CVF candidate quota scale,low,0.67x CVF sparse trigger quota,2,6,20380737,304.453330654929,16.3337969,1,0,9548,3,513,311,5,5
quota_scale,CVF candidate quota scale,low,0.67x CVF sparse trigger quota,2,7,20380738,302.173745750917,15.0490508,1,0,9548,4,511,312,7,6
quota_scale,CVF candidate quota scale,low,0.67x CVF sparse trigger quota,2,8,20380739,302.205414140344,6.1062949,1,0,9556,11,512,311,14,11
quota_scale,CVF candidate quota scale,low,0.67x CVF sparse trigger quota,2,9,20380740,305.602057075814,6.0684637,1,0,9562,12,512,292,20,16
quota_scale,CVF candidate quota scale,low,0.67x CVF sparse trigger quota,2,10,20380741,301.821261506229,6.0404866,1,0,9550,3,512,292,8,6
quota_scale,CVF candidate quota scale,low,0.67x CVF sparse trigger quota,4,1,20400732,335.983355635045,5.7244809,1,0,9336,0,215,119,91,71
quota_scale,CVF candidate quota scale,low,0.67x CVF sparse trigger quota,4,2,20400733,341.882612181471,5.5224662,1,0,9286,0,161,106,95,44
quota_scale,CVF candidate quota scale,low,0.67x CVF sparse trigger quota,4,3,20400734,345.905480509757,5.6750935,1,0,9342,0,215,152,97,63
quota_scale,CVF candidate quota scale,low,0.67x CVF sparse trigger quota,4,4,20400735,376.046267925051,5.6520501,1,0,9316,0,193,153,93,71
quota_scale,CVF candidate quota scale,low,0.67x CVF sparse trigger quota,4,5,20400736,383.91793637721,5.8500586,1,0,9388,0,267,250,91,63
quota_scale,CVF candidate quota scale,low,0.67x CVF sparse trigger quota,4,6,20400737,346.178542052119,5.5841641,1,0,9291,0,176,116,85,49
quota_scale,CVF candidate quota scale,low,0.67x CVF sparse trigger quota,4,7,20400738,386.980498102573,5.7707579,1,0,9361,0,245,201,86,50
quota_scale,CVF candidate quota scale,low,0.67x CVF sparse trigger quota,4,8,20400739,339.110508936726,5.8504432,1,0,9386,0,270,198,86,57
quota_scale,CVF candidate quota scale,low,0.67x CVF sparse trigger quota,4,9,20400740,367.627339777501,5.7068837,1,0,9344,0,219,126,95,64
quota_scale,CVF candidate quota scale,low,0.67x CVF sparse trigger quota,4,10,20400741,325.207217734379,5.7967915,1,0,9369,0,270,186,69,46
quota_scale,CVF candidate quota scale,default,default CVF sparse trigger quota,2,1,20380832,300.947571792188,6.0057988,1,0,9548,0,512,293,6,6
quota_scale,CVF candidate quota scale,default,default CVF sparse trigger quota,2,2,20380833,303.773076294345,6.0138954,1,0,9549,4,511,325,8,6
quota_scale,CVF candidate quota scale,default,default CVF sparse trigger quota,2,3,20380834,299.887055063917,11.1888487,1,0,9560,11,511,313,19,16
quota_scale,CVF candidate quota scale,default,default CVF sparse trigger quota,2,4,20380835,297.710023994651,19.9955293,1,0,9551,5,510,338,11,8
quota_scale,CVF candidate quota scale,default,default CVF sparse trigger quota,2,5,20380836,303.052294798943,16.8214817,1,0,9548,3,512,309,6,6
quota_scale,CVF candidate quota scale,default,default CVF sparse trigger quota,2,6,20380837,299.044785397462,16.5500282,1,0,9587,23,507,321,50,31
quota_scale,CVF candidate quota scale,default,default CVF sparse trigger quota,2,7,20380838,302.927679536687,17.243675,1,0,9554,6,512,322,12,10
quota_scale,CVF candidate quota scale,default,default CVF sparse trigger quota,2,8,20380839,302.288954418183,18.4178929,1,0,9547,4,511,337,6,5
quota_scale,CVF candidate quota scale,default,default CVF sparse trigger quota,2,9,20380840,306.951611971217,19.5551696,1,0,9547,0,513,324,4,4
quota_scale,CVF candidate quota scale,default,default CVF sparse trigger quota,2,10,20380841,304.080372670986,16.9293508,1,0,9543,0,509,374,4,3
quota_scale,CVF candidate quota scale,default,default CVF sparse trigger quota,4,1,20400832,327.143584201945,15.1416321,1,0,9261,0,147,82,84,56
quota_scale,CVF candidate quota scale,default,default CVF sparse trigger quota,4,2,20400833,359.404393626735,13.308538,1,0,9298,0,178,118,90,57
quota_scale,CVF candidate quota scale,default,default CVF sparse trigger quota,4,3,20400834,342.87249823007,11.5444731,1,0,9356,0,232,169,94,59
quota_scale,CVF candidate quota scale,default,default CVF sparse trigger quota,4,4,20400835,335.783617125561,16.4425181,1,0,9332,0,210,120,92,63
quota_scale,CVF candidate quota scale,default,default CVF sparse trigger quota,4,5,20400836,327.678455324043,17.7113644,1,0,9391,0,291,202,70,52
quota_scale,CVF candidate quota scale,default,default CVF sparse trigger quota,4,6,20400837,323.180058485655,15.5087798,1,0,9506,0,435,244,41,32
quota_scale,CVF candidate quota scale,default,default CVF sparse trigger quota,4,7,20400838,330.461543617304,14.6763799,1,0,9345,0,222,147,93,68
quota_scale,CVF candidate quota scale,default,default CVF sparse trigger quota,4,8,20400839,380.324234410572,14.2533423,1,0,9282,0,164,98,88,64
quota_scale,CVF candidate quota scale,default,default CVF sparse trigger quota,4,9,20400840,333.572360241903,14.8397431,1,0,9299,0,187,122,82,57
quota_scale,CVF candidate quota scale,default,default CVF sparse trigger quota,4,10,20400841,363.566560134334,14.9229894,1,0,9290,0,170,109,90,65
quota_scale,CVF candidate quota scale,high,1.33x CVF sparse trigger quota,2,1,20380932,297.683503666205,16.0262433,1,0,9562,8,514,322,18,15
quota_scale,CVF candidate quota scale,high,1.33x CVF sparse trigger quota,2,2,20380933,297.487352444799,16.5714671,1,0,9565,10,506,323,29,24
quota_scale,CVF candidate quota scale,high,1.33x CVF sparse trigger quota,2,3,20380934,297.333155925302,16.4652464,1,0,9577,12,510,387,37,28
quota_scale,CVF candidate quota scale,high,1.33x CVF sparse trigger quota,2,4,20380935,302.188005535083,16.950958,1,0,9554,3,515,289,9,7
quota_scale,CVF candidate quota scale,high,1.33x CVF sparse trigger quota,2,5,20380936,303.270260064676,16.0237033,1,0,9560,7,512,323,18,14
quota_scale,CVF candidate quota scale,high,1.33x CVF sparse trigger quota,2,6,20380937,300.434135488935,16.5958995,1,0,9551,6,510,303,11,8
quota_scale,CVF candidate quota scale,high,1.33x CVF sparse trigger quota,2,7,20380938,300.359487454718,16.7210807,1,0,9557,6,510,296,17,10
quota_scale,CVF candidate quota scale,high,1.33x CVF sparse trigger quota,2,8,20380939,304.608173258628,17.5850717,1,0,9586,16,511,286,45,38
quota_scale,CVF candidate quota scale,high,1.33x CVF sparse trigger quota,2,9,20380940,301.01906019939,17.5460442,1,0,9548,3,512,324,6,5
quota_scale,CVF candidate quota scale,high,1.33x CVF sparse trigger quota,2,10,20380941,304.541350663373,16.5180494,1,0,9556,6,512,356,14,10
quota_scale,CVF candidate quota scale,high,1.33x CVF sparse trigger quota,4,1,20400932,339.384501449153,16.8886911,1,0,9370,0,249,168,91,64
quota_scale,CVF candidate quota scale,high,1.33x CVF sparse trigger quota,4,2,20400933,326.298884121754,16.792379,1,0,9356,0,238,160,88,75
quota_scale,CVF candidate quota scale,high,1.33x CVF sparse trigger quota,4,3,20400934,323.685258694659,28.0865258,1,0,9465,0,377,221,58,43
quota_scale,CVF candidate quota scale,high,1.33x CVF sparse trigger quota,4,4,20400935,356.973552659285,17.54711,1,0,9334,0,204,120,100,64
quota_scale,CVF candidate quota scale,high,1.33x CVF sparse trigger quota,4,5,20400936,349.477913165104,19.5992853,1,0,9338,0,221,152,87,57
quota_scale,CVF candidate quota scale,high,1.33x CVF sparse trigger quota,4,6,20400937,327.63287119184,20.0156416,1,0,9443,0,343,225,70,51
quota_scale,CVF candidate quota scale,high,1.33x CVF sparse trigger quota,4,7,20400938,341.018967754935,16.7396106,1,0,9371,0,248,149,93,66
quota_scale,CVF candidate quota scale,high,1.33x CVF sparse trigger quota,4,8,20400939,327.991066982144,20.7489141,1,0,9394,0,279,187,85,51
quota_scale,CVF candidate quota scale,high,1.33x CVF sparse trigger quota,4,9,20400940,357.602290826191,19.6975498,1,0,9306,0,181,139,95,52
quota_scale,CVF candidate quota scale,high,1.33x CVF sparse trigger quota,4,10,20400941,355.610486676086,20.3242236,1,0,9289,0,169,111,90,57
step_strength,CVF step strength,weak,0.75x CVF field strength,2,1,20480732,306.168257211881,21.633493,1,0,9554,4,514,296,10,9
step_strength,CVF step strength,weak,0.75x CVF field strength,2,2,20480733,294.397279823075,17.4745289,1,0,9543,4,505,341,8,6
step_strength,CVF step strength,weak,0.75x CVF field strength,2,3,20480734,300.294406374411,21.6192813,1,0,9549,3,512,316,7,5
step_strength,CVF step strength,weak,0.75x CVF field strength,2,4,20480735,299.901857613215,22.8123348,1,0,9567,13,512,316,25,22
step_strength,CVF step strength,weak,0.75x CVF field strength,2,5,20480736,300.6908065138,17.4617989,1,0,9552,5,511,324,11,10
step_strength,CVF step strength,weak,0.75x CVF field strength,2,6,20480737,303.702713778517,18.7297743,1,0,9547,0,512,293,5,3
step_strength,CVF step strength,weak,0.75x CVF field strength,2,7,20480738,303.399049780183,19.8699553,1,0,9551,8,508,312,13,11
step_strength,CVF step strength,weak,0.75x CVF field strength,2,8,20480739,304.8424841899,16.6997401,1,0,9554,1,513,348,11,5
step_strength,CVF step strength,weak,0.75x CVF field strength,2,9,20480740,305.741941717818,17.05288,1,0,9561,7,512,339,19,11
step_strength,CVF step strength,weak,0.75x CVF field strength,2,10,20480741,302.215711124722,15.3849178,1,0,9556,6,505,276,21,15
step_strength,CVF step strength,weak,0.75x CVF field strength,4,1,20500732,342.98863924326,17.2525288,1,0,9360,0,240,146,90,68
step_strength,CVF step strength,weak,0.75x CVF field strength,4,2,20500733,387.134639084858,19.2185134,1,0,9321,0,196,129,95,57
step_strength,CVF step strength,weak,0.75x CVF field strength,4,3,20500734,348.785261088444,14.8299801,1,0,9379,0,255,150,94,79
step_strength,CVF step strength,weak,0.75x CVF field strength,4,4,20500735,347.832888315219,16.685847,1,0,9341,0,216,141,95,68
step_strength,CVF step strength,weak,0.75x CVF field strength,4,5,20500736,356.297842594312,20.9432584,1,0,9354,0,226,161,98,69
step_strength,CVF step strength,weak,0.75x CVF field strength,4,6,20500737,326.71575588482,16.540172,1,0,9394,0,276,171,88,68
step_strength,CVF step strength,weak,0.75x CVF field strength,4,7,20500738,340.960683971208,15.8811998,1,0,9255,0,177,124,48,33
step_strength,CVF step strength,weak,0.75x CVF field strength,4,8,20500739,325.558276975755,23.8949105,1,0,9482,0,396,219,56,41
step_strength,CVF step strength,weak,0.75x CVF field strength,4,9,20500740,370.873289025716,30.0516884,1,0,9419,0,294,258,95,54
step_strength,CVF step strength,weak,0.75x CVF field strength,4,10,20500741,323.120624567602,27.6058737,1,0,9314,0,184,114,100,69
step_strength,CVF step strength,default,default CVF field strength,2,1,20480832,301.231682371728,27.7289744,1,0,9555,0,515,336,10,5
step_strength,CVF step strength,default,default CVF field strength,2,2,20480833,301.144766618323,28.4239445,1,0,9566,11,509,294,27,20
step_strength,CVF step strength,default,default CVF field strength,2,3,20480834,296.995363095745,28.5788134,1,0,9561,8,508,316,23,17
step_strength,CVF step strength,default,default CVF field strength,2,4,20480835,301.859016432262,28.4514725,1,0,9555,4,512,278,13,11
step_strength,CVF step strength,default,default CVF field strength,2,5,20480836,300.797234783049,27.4941325,1,0,9557,6,513,299,14,11
step_strength,CVF step strength,default,default CVF field strength,2,6,20480837,300.517534294637,29.5049734,1,0,9566,12,510,295,26,19
step_strength,CVF step strength,default,default CVF field strength,2,7,20480838,301.656589897683,28.7632007,1,0,9562,11,507,297,25,17
step_strength,CVF step strength,default,default CVF field strength,2,8,20480839,297.353672487703,29.4663905,1,0,9546,5,511,292,5,4
step_strength,CVF step strength,default,default CVF field strength,2,9,20480840,300.655657173937,29.3519888,1,0,9550,5,511,312,9,8
step_strength,CVF step strength,default,default CVF field strength,2,10,20480841,303.2314454203,28.5342032,1,0,9557,6,512,319,15,10
step_strength,CVF step strength,default,default CVF field strength,4,1,20500832,369.799421060989,28.2587137,1,0,9362,0,233,175,99,62
step_strength,CVF step strength,default,default CVF field strength,4,2,20500833,367.520641801443,27.9114316,1,0,9333,0,216,131,87,56
step_strength,CVF step strength,default,default CVF field strength,4,3,20500834,346.80048729892,28.2355078,1,0,9339,0,219,142,90,56
step_strength,CVF step strength,default,default CVF field strength,4,4,20500835,357.378987083443,27.6083654,1,0,9308,0,188,132,90,55
step_strength,CVF step strength,default,default CVF field strength,4,5,20500836,372.270759417907,29.7982746,1,0,9457,0,352,345,75,40
step_strength,CVF step strength,default,default CVF field strength,4,6,20500837,338.126829456578,28.450912,1,0,9348,0,240,141,78,51
step_strength,CVF step strength,default,default CVF field strength,4,7,20500838,358.54189185556,27.8567981,1,0,9324,0,204,151,90,65
step_strength,CVF step strength,default,default CVF field strength,4,8,20500839,336.555402253817,28.8259143,1,0,9376,0,267,144,79,59
step_strength,CVF step strength,default,default CVF field strength,4,9,20500840,331.47542497268,28.8573943,1,0,9386,0,276,164,80,52
step_strength,CVF step strength,default,default CVF field strength,4,10,20500841,375.459646423277,27.8670812,1,0,9347,0,223,179,94,55
step_strength,CVF step strength,strong,1.25x CVF field strength,2,1,20480932,311.229838649598,29.019328,1,0,9568,11,511,309,27,16
step_strength,CVF step strength,strong,1.25x CVF field strength,2,2,20480933,301.803440985756,28.4062742,1,0,9551,3,513,310,8,5
step_strength,CVF step strength,strong,1.25x CVF field strength,2,3,20480934,304.941251252081,29.5561562,1,0,9549,3,512,327,7,7
step_strength,CVF step strength,strong,1.25x CVF field strength,2,4,20480935,299.029445203675,29.5185325,1,0,9575,18,513,292,32,23
step_strength,CVF step strength,strong,1.25x CVF field strength,2,5,20480936,300.233896145883,28.9404557,1,0,9551,7,510,294,11,7
step_strength,CVF step strength,strong,1.25x CVF field strength,2,6,20480937,299.40260682508,28.0226667,1,0,9548,3,511,319,7,4
step_strength,CVF step strength,strong,1.25x CVF field strength,2,7,20480938,299.184052024646,28.475182,1,0,9557,6,512,320,15,10
step_strength,CVF step strength,strong,1.25x CVF field strength,2,8,20480939,303.044835002258,28.6971682,1,0,9551,2,509,319,12,10
step_strength,CVF step strength,strong,1.25x CVF field strength,2,9,20480940,296.843297930101,29.9434847,1,0,9554,8,511,334,13,10
step_strength,CVF step strength,strong,1.25x CVF field strength,2,10,20480941,301.952976223678,29.9060984,1,0,9544,0,509,344,5,3
step_strength,CVF step strength,strong,1.25x CVF field strength,4,1,20500932,333.773378947122,14.0771404,1,0,9426,0,326,179,70,56
step_strength,CVF step strength,strong,1.25x CVF field strength,4,2,20500933,365.058753437914,5.6928585,1,0,9306,0,184,141,92,58
step_strength,CVF step strength,strong,1.25x CVF field strength,4,3,20500934,333.021525791639,5.8334572,1,0,9364,0,255,176,79,54
step_strength,CVF step strength,strong,1.25x CVF field strength,4,4,20500935,366.447781947863,6.0577683,1,0,9277,0,168,126,79,56
step_strength,CVF step strength,strong,1.25x CVF field strength,4,5,20500936,337.709419950672,5.8397363,1,0,9320,0,191,127,99,62
step_strength,CVF step strength,strong,1.25x CVF field strength,4,6,20500937,357.111320041508,5.9127923,1,0,9331,0,213,139,88,52
step_strength,CVF step strength,strong,1.25x CVF field strength,4,7,20500938,331.018442900018,6.3660697,1,0,9452,0,364,201,58,42
step_strength,CVF step strength,strong,1.25x CVF field strength,4,8,20500939,385.251223328521,5.7421212,1,0,9287,0,160,108,97,70
step_strength,CVF step strength,strong,1.25x CVF field strength,4,9,20500940,350.434943300467,5.775587,1,0,9297,0,182,118,85,62
step_strength,CVF step strength,strong,1.25x CVF field strength,4,10,20500941,356.15615108214,5.9037345,1,0,9342,0,213,151,99,69
state_switch_threshold,Conservative state switching threshold,strict,stricter evidence before formation/recovery switch,2,1,20580732,307.044111451847,6.2620177,1,0,9550,4,506,279,14,11
state_switch_threshold,Conservative state switching threshold,strict,stricter evidence before formation/recovery switch,2,2,20580733,309.045601465301,6.3494026,1,0,9557,6,512,310,15,11
state_switch_threshold,Conservative state switching threshold,strict,stricter evidence before formation/recovery switch,2,3,20580734,302.474831278178,6.2238174,1,0,9549,0,513,329,6,4
state_switch_threshold,Conservative state switching threshold,strict,stricter evidence before formation/recovery switch,2,4,20580735,301.904090097331,6.2722615,1,0,9561,10,511,311,20,13
state_switch_threshold,Conservative state switching threshold,strict,stricter evidence before formation/recovery switch,2,5,20580736,307.992096178468,6.1948158,1,0,9546,0,510,292,6,4
state_switch_threshold,Conservative state switching threshold,strict,stricter evidence before formation/recovery switch,2,6,20580737,302.729266307162,6.2163185,1,0,9547,3,512,314,5,5
state_switch_threshold,Conservative state switching threshold,strict,stricter evidence before formation/recovery switch,2,7,20580738,300.524838999758,6.2605529,1,0,9546,6,511,329,5,4
state_switch_threshold,Conservative state switching threshold,strict,stricter evidence before formation/recovery switch,2,8,20580739,303.369715244213,6.2497112,1,0,9551,0,512,290,9,7
state_switch_threshold,Conservative state switching threshold,strict,stricter evidence before formation/recovery switch,2,9,20580740,301.821972379386,6.3067357,1,0,9548,1,512,346,6,5
state_switch_threshold,Conservative state switching threshold,strict,stricter evidence before formation/recovery switch,2,10,20580741,300.188683906544,6.2430767,1,0,9546,3,509,311,7,6
state_switch_threshold,Conservative state switching threshold,strict,stricter evidence before formation/recovery switch,4,1,20600732,329.887636171617,6.250287,1,0,9432,0,327,217,75,62
state_switch_threshold,Conservative state switching threshold,strict,stricter evidence before formation/recovery switch,4,2,20600733,337.918017215112,6.2842526,1,0,9434,0,319,187,85,65
state_switch_threshold,Conservative state switching threshold,strict,stricter evidence before formation/recovery switch,4,3,20600734,328.076437886416,6.019176,1,0,9380,0,274,168,76,54
state_switch_threshold,Conservative state switching threshold,strict,stricter evidence before formation/recovery switch,4,4,20600735,381.69721605483,6.0509712,1,0,9377,0,253,225,94,46
state_switch_threshold,Conservative state switching threshold,strict,stricter evidence before formation/recovery switch,4,5,20600736,401.066255379334,5.771575,1,0,9301,0,178,139,93,77
state_switch_threshold,Conservative state switching threshold,strict,stricter evidence before formation/recovery switch,4,6,20600737,341.709218117991,5.9449406,1,0,9352,0,238,131,84,53
state_switch_threshold,Conservative state switching threshold,strict,stricter evidence before formation/recovery switch,4,7,20600738,337.221735996988,5.8311005,1,0,9318,0,191,118,97,70
state_switch_threshold,Conservative state switching threshold,strict,stricter evidence before formation/recovery switch,4,8,20600739,368.751479838851,5.969536,1,0,9367,0,245,223,92,61
state_switch_threshold,Conservative state switching threshold,strict,stricter evidence before formation/recovery switch,4,9,20600740,385.647640765393,5.9371612,1,0,9347,0,232,176,85,56
state_switch_threshold,Conservative state switching threshold,strict,stricter evidence before formation/recovery switch,4,10,20600741,328.903782606212,6.4404109,1,0,9488,0,410,217,48,43
state_switch_threshold,Conservative state switching threshold,default,default conservative switching threshold,2,1,20580832,303.103741179082,6.2113087,1,0,9548,1,513,315,5,4
state_switch_threshold,Conservative state switching threshold,default,default conservative switching threshold,2,2,20580833,302.695957809503,6.2701893,1,0,9547,0,513,321,4,3
state_switch_threshold,Conservative state switching threshold,default,default conservative switching threshold,2,3,20580834,297.82323259248,6.2739816,1,0,9552,4,513,311,9,8
state_switch_threshold,Conservative state switching threshold,default,default conservative switching threshold,2,4,20580835,299.645868323025,6.2209092,1,0,9556,7,512,303,14,9
state_switch_threshold,Conservative state switching threshold,default,default conservative switching threshold,2,5,20580836,297.068033922977,6.2115221,1,0,9552,6,512,307,10,8
state_switch_threshold,Conservative state switching threshold,default,default conservative switching threshold,2,6,20580837,304.775661278173,6.2206388,1,0,9558,9,513,322,15,9
state_switch_threshold,Conservative state switching threshold,default,default conservative switching threshold,2,7,20580838,299.774642187128,6.2122994,1,0,9545,1,511,338,4,4
state_switch_threshold,Conservative state switching threshold,default,default conservative switching threshold,2,8,20580839,301.579209815816,6.2303673,1,0,9551,0,511,294,10,9
state_switch_threshold,Conservative state switching threshold,default,default conservative switching threshold,2,9,20580840,305.271731334243,6.3285477,1,0,9559,8,512,305,17,12
state_switch_threshold,Conservative state switching threshold,default,default conservative switching threshold,2,10,20580841,300.660530102379,6.1929184,1,0,9548,3,512,284,6,5
state_switch_threshold,Conservative state switching threshold,default,default conservative switching threshold,4,1,20600832,359.474648424668,5.897605,1,0,9330,0,212,142,88,60
state_switch_threshold,Conservative state switching threshold,default,default conservative switching threshold,4,2,20600833,336.000112021112,5.983953,1,0,9375,0,256,199,89,56
state_switch_threshold,Conservative state switching threshold,default,default conservative switching threshold,4,3,20600834,339.970531255433,5.8100571,1,0,9308,0,188,120,90,66
state_switch_threshold,Conservative state switching threshold,default,default conservative switching threshold,4,4,20600835,337.29119396915,5.8861781,1,0,9336,0,206,128,100,69
state_switch_threshold,Conservative state switching threshold,default,default conservative switching threshold,4,5,20600836,373.904775985957,5.8029687,1,0,9311,0,200,163,81,54
state_switch_threshold,Conservative state switching threshold,default,default conservative switching threshold,4,6,20600837,333.508529024052,5.9462464,1,0,9335,0,209,152,96,63
state_switch_threshold,Conservative state switching threshold,default,default conservative switching threshold,4,7,20600838,359.459756618054,5.7479204,1,0,9294,0,170,111,94,69
state_switch_threshold,Conservative state switching threshold,default,default conservative switching threshold,4,8,20600839,319.029241316939,6.2964738,1,0,9433,0,341,220,62,47
state_switch_threshold,Conservative state switching threshold,default,default conservative switching threshold,4,9,20600840,383.996150156704,6.1096999,1,0,9395,0,271,218,94,65
state_switch_threshold,Conservative state switching threshold,default,default conservative switching threshold,4,10,20600841,367.787345000139,5.8746575,1,0,9313,0,187,149,96,57
state_switch_threshold,Conservative state switching threshold,loose,looser evidence before formation/recovery switch,2,1,20580932,300.834900595878,6.2472906,1,0,9556,7,511,306,15,9
state_switch_threshold,Conservative state switching threshold,loose,looser evidence before formation/recovery switch,2,2,20580933,302.538413006162,6.2808176,1,0,9546,1,510,298,6,5
state_switch_threshold,Conservative state switching threshold,loose,looser evidence before formation/recovery switch,2,3,20580934,299.28507751139,6.293487,1,0,9549,1,512,320,7,6
state_switch_threshold,Conservative state switching threshold,loose,looser evidence before formation/recovery switch,2,4,20580935,303.572021941934,6.2506979,1,0,9562,7,511,294,21,14
state_switch_threshold,Conservative state switching threshold,loose,looser evidence before formation/recovery switch,2,5,20580936,302.288098259653,6.2682315,1,0,9562,9,512,300,20,16
state_switch_threshold,Conservative state switching threshold,loose,looser evidence before formation/recovery switch,2,6,20580937,303.55035321818,6.2641393,1,0,9563,5,512,320,21,12
state_switch_threshold,Conservative state switching threshold,loose,looser evidence before formation/recovery switch,2,7,20580938,299.726381350549,6.3307653,1,0,9554,0,514,312,10,8
state_switch_threshold,Conservative state switching threshold,loose,looser evidence before formation/recovery switch,2,8,20580939,302.503059804475,6.3021349,1,0,9568,15,511,396,27,20
state_switch_threshold,Conservative state switching threshold,loose,looser evidence before formation/recovery switch,2,9,20580940,299.974797733752,6.2256466,1,0,9553,7,511,334,12,10
state_switch_threshold,Conservative state switching threshold,loose,looser evidence before formation/recovery switch,2,10,20580941,293.183903852961,6.228852,1,0,9561,9,513,334,18,15
state_switch_threshold,Conservative state switching threshold,loose,looser evidence before formation/recovery switch,4,1,20600932,348.248605460489,5.9214951,1,0,9349,0,230,137,89,58
state_switch_threshold,Conservative state switching threshold,loose,looser evidence before formation/recovery switch,4,2,20600933,386.318920229104,6.3634258,1,0,9477,0,348,333,99,63
state_switch_threshold,Conservative state switching threshold,loose,looser evidence before formation/recovery switch,4,3,20600934,379.577583445535,6.407728,1,0,9476,0,350,339,96,50
state_switch_threshold,Conservative state switching threshold,loose,looser evidence before formation/recovery switch,4,4,20600935,368.598219676324,6.4402451,1,0,9483,0,356,338,97,63
state_switch_threshold,Conservative state switching threshold,loose,looser evidence before formation/recovery switch,4,5,20600936,343.985825887999,5.9062009,1,0,9346,0,225,153,91,70
state_switch_threshold,Conservative state switching threshold,loose,looser evidence before formation/recovery switch,4,6,20600937,343.565038860674,6.0494955,1,0,9363,0,242,177,91,69
state_switch_threshold,Conservative state switching threshold,loose,looser evidence before formation/recovery switch,4,7,20600938,341.803315750163,5.9895067,1,0,9345,0,218,137,97,66
state_switch_threshold,Conservative state switching threshold,loose,looser evidence before formation/recovery switch,4,8,20600939,334.748248950662,5.8805329,1,0,9332,0,214,160,88,55
state_switch_threshold,Conservative state switching threshold,loose,looser evidence before formation/recovery switch,4,9,20600940,368.934144973567,5.971232,1,0,9352,0,231,191,91,52
state_switch_threshold,Conservative state switching threshold,loose,looser evidence before formation/recovery switch,4,10,20600941,353.341669896823,5.8695623,1,0,9313,0,195,124,88,65
