Scene,Algorithm,Run,Seed,BestFitness,Runtime,Feasible,Violation,NEvals,FirstFeasibleIter,FirstFeasibleTime,RepairCount,RepairSuccessCount,ViabilityFieldCount,ViabilityFieldSuccessCount,MeanViabilityFieldNorm,CVFObstacleFrac,CVFNFZFrac,CVFRiskFrac,CVFAltitudeFrac,CVFCurvatureFrac,CVFBoundaryFrac,CVFNoneFrac
1,Base-AE,1,20270727,1102.11185599304,4.8347345,0,4,9030,NaN,NaN,NaN,NaN,0,0,NaN,0,0,0,0,0,0,1
1,Base-AE,2,20270728,1695.9223226866,4.5932584,0,7,9030,NaN,NaN,NaN,NaN,0,0,NaN,0,0,0,0,0,0,1
1,Base-AE,3,20270729,1180.03983185017,4.5704839,0,4,9030,NaN,NaN,NaN,NaN,0,0,NaN,0,0,0,0,0,0,1
1,Base-AE,4,20270730,598.539665636858,4.5251009,1,0,9030,NaN,NaN,NaN,NaN,0,0,NaN,0,0,0,0,0,0,1
1,Base-AE,5,20270731,369.697138968983,4.566903,1,0,9030,NaN,NaN,NaN,NaN,0,0,NaN,0,0,0,0,0,0,1
1,Base-AE,6,20270732,1006.40327019904,4.5530734,0,3,9030,NaN,NaN,NaN,NaN,0,0,NaN,0,0,0,0,0,0,1
1,Base-AE,7,20270733,1258.54948270679,4.5325908,0,4,9030,NaN,NaN,NaN,NaN,0,0,NaN,0,0,0,0,0,0,1
1,Base-AE,8,20270734,392.78903611447,4.5990042,1,0,9030,NaN,NaN,NaN,NaN,0,0,NaN,0,0,0,0,0,0,1
1,Base-AE,9,20270735,482.559323463985,4.5438746,0,1,9030,NaN,NaN,NaN,NaN,0,0,NaN,0,0,0,0,0,0,1
1,Base-AE,10,20270736,804.324849450053,4.5433616,0,1,9030,NaN,NaN,NaN,NaN,0,0,NaN,0,0,0,0,0,0,1
1,Base-AE,11,20270737,442.295398634212,4.5634436,1,0,9030,NaN,NaN,NaN,NaN,0,0,NaN,0,0,0,0,0,0,1
1,Base-AE,12,20270738,403.174953120409,4.5700262,1,0,9030,NaN,NaN,NaN,NaN,0,0,NaN,0,0,0,0,0,0,1
1,Base-AE,13,20270739,1532.96817979002,4.5514737,0,6,9030,NaN,NaN,NaN,NaN,0,0,NaN,0,0,0,0,0,0,1
1,Base-AE,14,20270740,388.508029627643,4.554761,1,0,9030,NaN,NaN,NaN,NaN,0,0,NaN,0,0,0,0,0,0,1
1,Base-AE,15,20270741,540.269795338471,4.5486788,1,0,9030,NaN,NaN,NaN,NaN,0,0,NaN,0,0,0,0,0,0,1
1,Base-AE,16,20270742,557.66112559308,4.5464666,1,0,9030,NaN,NaN,NaN,NaN,0,0,NaN,0,0,0,0,0,0,1
1,Base-AE,17,20270743,1040.14855945453,4.5352752,0,4,9030,NaN,NaN,NaN,NaN,0,0,NaN,0,0,0,0,0,0,1
1,Base-AE,18,20270744,356.931386959883,4.5432294,1,0,9030,NaN,NaN,NaN,NaN,0,0,NaN,0,0,0,0,0,0,1
1,Base-AE,19,20270745,542.998545397238,4.5386128,1,0,9030,NaN,NaN,NaN,NaN,0,0,NaN,0,0,0,0,0,0,1
1,Base-AE,20,20270746,575.458923291388,4.5691078,1,0,9030,NaN,NaN,NaN,NaN,0,0,NaN,0,0,0,0,0,0,1
1,Base-AE,21,20270747,583.399294375177,4.538541,1,0,9030,NaN,NaN,NaN,NaN,0,0,NaN,0,0,0,0,0,0,1
1,Base-AE,22,20270748,304.300558833919,4.5418938,1,0,9030,NaN,NaN,NaN,NaN,0,0,NaN,0,0,0,0,0,0,1
1,Base-AE,23,20270749,950.420021783767,4.5394861,0,3,9030,NaN,NaN,NaN,NaN,0,0,NaN,0,0,0,0,0,0,1
1,Base-AE,24,20270750,690.995955722211,4.5448893,0,1,9030,NaN,NaN,NaN,NaN,0,0,NaN,0,0,0,0,0,0,1
1,Base-AE,25,20270751,350.464494072814,4.5692536,1,0,9030,NaN,NaN,NaN,NaN,0,0,NaN,0,0,0,0,0,0,1
1,Base-AE,26,20270752,535.769805046958,4.5393738,0,1,9030,NaN,NaN,NaN,NaN,0,0,NaN,0,0,0,0,0,0,1
1,Base-AE,27,20270753,386.218932253618,4.5742681,1,0,9030,NaN,NaN,NaN,NaN,0,0,NaN,0,0,0,0,0,0,1
1,Base-AE,28,20270754,1144.5554284895,4.5594962,0,4,9030,NaN,NaN,NaN,NaN,0,0,NaN,0,0,0,0,0,0,1
1,Base-AE,29,20270755,732.840009788377,4.569545,1,0,9030,NaN,NaN,NaN,NaN,0,0,NaN,0,0,0,0,0,0,1
1,Base-AE,30,20270756,394.836104908644,4.5899802,1,0,9030,NaN,NaN,NaN,NaN,0,0,NaN,0,0,0,0,0,0,1
1,CVF-AE-w/o-Init,1,20270827,316.725053497936,6.2975069,1,0,9570,0,0.0713502,440,397,100,58,1.49236816331302,0.26,0.01,0.0133333333333333,0,0.05,0,0.666666666666667
1,CVF-AE-w/o-Init,2,20270828,315.910696728431,6.3577054,1,0,9689,32,0.6885702,479,235,180,107,1.35231816880421,0.113333333333333,0,0.143333333333333,0,0.0366666666666667,0.1,0.606666666666667
1,CVF-AE-w/o-Init,3,20270829,327.576551935082,6.2659582,1,0,9629,8,0.1878609,479,294,120,77,1.37454682855851,0.316666666666667,0,0.02,0,0.01,0,0.653333333333333
1,CVF-AE-w/o-Init,4,20270830,309.871208771461,6.2577032,1,0,9634,22,0.4628037,456,151,148,105,1.03361201522166,0.0733333333333333,0,0.27,0,0.01,0,0.646666666666667
1,CVF-AE-w/o-Init,5,20270831,302.965917997017,6.0850226,1,0,9585,15,0.3239427,432,176,123,92,0.95682422910081,0.01,0,0.306666666666667,0.00333333333333333,0,0,0.68
1,CVF-AE-w/o-Init,6,20270832,328.348360806441,6.4147601,1,0,9663,21,0.4424212,477,173,156,102,1.43891119340265,0.33,0,0.05,0,0,0,0.62
1,CVF-AE-w/o-Init,7,20270833,319.970620150414,6.0158252,1,0,9489,8,0.1651343,358,210,101,71,1.19832263505311,0.0966666666666667,0,0.203333333333333,0,0,0,0.7
1,CVF-AE-w/o-Init,8,20270834,332.91282019656,5.9025699,1,0,9442,0,0.0243319,343,260,69,42,0.967833988025225,0.113333333333333,0,0.103333333333333,0,0.0133333333333333,0,0.77
1,CVF-AE-w/o-Init,9,20270835,313.428400054082,6.3477946,1,0,9652,26,0.5670534,457,144,165,119,1.31453665980237,0.0366666666666667,0,0.34,0,0,0,0.623333333333333
1,CVF-AE-w/o-Init,10,20270836,312.714719873248,6.0868094,1,0,9526,0,0.02632,396,331,100,76,1.45394255755578,0.236666666666667,0,0.0733333333333333,0,0.0233333333333333,0,0.666666666666667
1,CVF-AE-w/o-Init,11,20270837,303.990587461379,5.6847528,1,0,9350,0,0.026905,252,227,68,34,0.787768222010716,0.19,0.03,0,0,0,0.00666666666666667,0.773333333333333
1,CVF-AE-w/o-Init,12,20270838,308.636119924041,6.1904495,1,0,9581,1,0.0384363,450,434,101,54,1.13819857415736,0.153333333333333,0,0.17,0.0133333333333333,0,0,0.663333333333333
1,CVF-AE-w/o-Init,13,20270839,317.717915582558,6.1274644,1,0,9609,28,0.5595251,413,237,166,103,1.39605323805965,0.07,0,0.32,0,0,0.00333333333333333,0.606666666666667
1,CVF-AE-w/o-Init,14,20270840,299.78739695696,6.0175892,1,0,9581,37,0.7652345,377,120,174,104,1.43944531957072,0.0533333333333333,0.00666666666666667,0.29,0.00666666666666667,0,0,0.643333333333333
1,CVF-AE-w/o-Init,15,20270841,318.622601591879,6.1401039,1,0,9613,24,0.4951978,429,196,154,123,0.94950494250513,0.0733333333333333,0,0.29,0.00666666666666667,0,0,0.63
1,CVF-AE-w/o-Init,16,20270842,335.000464898451,6.2376018,1,0,9597,19,0.4083839,417,188,150,112,1.11761803580965,0.34,0,0.0333333333333333,0,0.00333333333333333,0,0.623333333333333
1,CVF-AE-w/o-Init,17,20270843,315.17904000934,6.2208452,1,0,9659,30,0.6330251,449,208,180,108,1.32570391308813,0.0966666666666667,0,0.303333333333333,0,0,0,0.6
1,CVF-AE-w/o-Init,18,20270844,327.913472440881,6.0473361,1,0,9554,12,0.2469889,410,248,114,71,1.08614304747729,0.0933333333333333,0.103333333333333,0.13,0.00666666666666667,0,0,0.666666666666667
1,CVF-AE-w/o-Init,19,20270845,341.938899548821,6.3024323,1,0,9693,47,0.9803354,449,268,214,150,1.88765393463146,0.22,0,0.203333333333333,0,0.00666666666666667,0,0.57
1,CVF-AE-w/o-Init,20,20270846,323.764643655768,6.3122407,1,0,9691,27,0.542046,499,196,162,100,1.479651076624,0.0766666666666667,0.00333333333333333,0.09,0,0.216666666666667,0,0.613333333333333
1,CVF-AE-w/o-Init,21,20270847,312.681015108709,6.3239809,1,0,9668,21,0.4381153,493,256,145,114,1.38775530457163,0.0533333333333333,0,0.306666666666667,0,0.0133333333333333,0,0.626666666666667
1,CVF-AE-w/o-Init,22,20270848,320.16530485319,6.46499,1,0,9699,31,0.6639815,487,234,182,108,1.85245059355302,0.14,0,0.14,0.02,0.0466666666666667,0.0533333333333333,0.6
1,CVF-AE-w/o-Init,23,20270849,317.810578305858,6.3498682,1,0,9671,25,0.5273832,483,194,158,124,1.76553262266735,0.06,0,0.17,0,0.153333333333333,0,0.616666666666667
1,CVF-AE-w/o-Init,24,20270850,304.404043918614,5.692487,1,0,9416,20,0.4026903,284,88,102,64,1.05645216484471,0.116666666666667,0,0.133333333333333,0,0,0,0.75
1,CVF-AE-w/o-Init,25,20270851,305.943869151826,5.9493024,1,0,9576,48,0.9960108,343,223,203,141,1.3683623314451,0.11,0,0.26,0.00666666666666667,0,0,0.623333333333333
1,CVF-AE-w/o-Init,26,20270852,314.115003962669,5.8733223,1,0,9494,13,0.2392727,369,137,95,65,1.03222657872596,0.08,0,0.14,0,0.0633333333333333,0,0.716666666666667
1,CVF-AE-w/o-Init,27,20270853,318.68165779118,5.7517433,1,0,9433,0,0.0227439,333,284,70,37,1.1813085447539,0.0366666666666667,0,0.0566666666666667,0.14,0,0,0.766666666666667
1,CVF-AE-w/o-Init,28,20270854,315.551585423861,6.3758531,1,0,9690,36,0.7431647,474,267,186,108,1.65778869245988,0.163333333333333,0,0.236666666666667,0,0.0133333333333333,0,0.586666666666667
1,CVF-AE-w/o-Init,29,20270855,305.324192909217,6.1213681,1,0,9629,42,0.8711037,416,143,183,101,1.77329470313437,0.293333333333333,0,0.0533333333333333,0,0,0,0.653333333333333
1,CVF-AE-w/o-Init,30,20270856,316.19402159401,6.1735908,1,0,9608,12,0.2464178,468,180,110,80,1.66653210332399,0.00666666666666667,0.00666666666666667,0.143333333333333,0,0.166666666666667,0,0.676666666666667
1,CVF-AE-w/o-StateAdaptiveCVF,1,20270927,298.770711150906,6.1761732,1,0,9571,0,0.0445684,515,121,26,20,0.0536659772340077,0.0166666666666667,0,0.07,0,0,0,0.913333333333333
1,CVF-AE-w/o-StateAdaptiveCVF,2,20270928,295.762812206493,6.1882098,1,0,9579,9,0.194166,517,157,32,32,0.0531073252515745,0.0333333333333333,0,0.0433333333333333,0,0,0,0.923333333333333
1,CVF-AE-w/o-StateAdaptiveCVF,3,20270929,297.939989849149,6.14274,1,0,9570,0,0.0293258,516,140,24,24,0.0760975010475633,0.0633333333333333,0,0.0166666666666667,0,0,0,0.92
1,CVF-AE-w/o-StateAdaptiveCVF,4,20270930,300.566844147469,6.1058939,1,0,9560,0,0.028348,513,155,17,17,0.0708108102971962,0.0466666666666667,0,0.01,0,0,0,0.943333333333333
1,CVF-AE-w/o-StateAdaptiveCVF,5,20270931,297.318927173878,6.1124902,1,0,9562,0,0.0276876,516,152,16,15,0.105734859251675,0.0333333333333333,0,0.0133333333333333,0,0,0.00666666666666667,0.946666666666667
1,CVF-AE-w/o-StateAdaptiveCVF,6,20270932,295.607165717768,6.1237056,1,0,9553,0,0.028072,514,152,9,9,0.0261135120598229,0.0266666666666667,0,0,0,0,0.00333333333333333,0.97
1,CVF-AE-w/o-StateAdaptiveCVF,7,20270933,294.836121187874,6.1590297,1,0,9567,0,0.0322622,517,142,20,18,0.0692479090466062,0.0433333333333333,0,0.0233333333333333,0,0,0,0.933333333333333
1,CVF-AE-w/o-StateAdaptiveCVF,8,20270934,297.373175456481,6.1133473,1,0,9556,0,0.028882,515,143,11,11,0.0500101258462953,0,0,0.0366666666666667,0,0,0,0.963333333333333
1,CVF-AE-w/o-StateAdaptiveCVF,9,20270935,299.943585580656,6.1130461,1,0,9568,0,0.0295745,515,162,23,22,0.0648593212181102,0.0633333333333333,0,0.0133333333333333,0,0,0,0.923333333333333
1,CVF-AE-w/o-StateAdaptiveCVF,10,20270936,299.003831455686,6.1111485,1,0,9561,0,0.027739,516,143,15,15,0.034685737453651,0.04,0,0.01,0,0,0,0.95
1,CVF-AE-w/o-StateAdaptiveCVF,11,20270937,300.029920827975,6.1252873,1,0,9563,0,0.0270823,514,125,19,18,0.107939047902139,0.0133333333333333,0,0.05,0,0,0,0.936666666666667
1,CVF-AE-w/o-StateAdaptiveCVF,12,20270938,299.774108694841,6.1753647,1,0,9560,0,0.0281326,516,129,14,13,0.0484545952203332,0.02,0,0.0266666666666667,0,0,0,0.953333333333333
1,CVF-AE-w/o-StateAdaptiveCVF,13,20270939,300.77184804548,6.1656465,1,0,9570,0,0.0273574,516,110,24,22,0.124634594211175,0.0466666666666667,0,0.0333333333333333,0,0,0,0.92
1,CVF-AE-w/o-StateAdaptiveCVF,14,20270940,303.192657707477,6.1737591,1,0,9568,0,0.0297899,517,123,21,20,0.0573369035306764,0.04,0,0.03,0,0,0,0.93
1,CVF-AE-w/o-StateAdaptiveCVF,15,20270941,300.148587933594,6.1290176,1,0,9565,0,0.0269423,516,165,19,18,0.0408125355814738,0.0566666666666667,0,0.00666666666666667,0,0,0,0.936666666666667
1,CVF-AE-w/o-StateAdaptiveCVF,16,20270942,298.571005142525,6.2034731,1,0,9598,15,0.3015499,516,165,52,48,0.131625029475305,0.0666666666666667,0,0.0566666666666667,0,0,0,0.876666666666667
1,CVF-AE-w/o-StateAdaptiveCVF,17,20270943,288.925727165967,6.133326,1,0,9565,4,0.0958067,517,130,18,18,0.0286123533277495,0.0133333333333333,0,0.0333333333333333,0,0,0,0.953333333333333
1,CVF-AE-w/o-StateAdaptiveCVF,18,20270944,297.563533322686,6.1466851,1,0,9564,2,0.0574347,517,140,17,15,0.037704031905479,0.0466666666666667,0,0.00333333333333333,0,0,0,0.95
1,CVF-AE-w/o-StateAdaptiveCVF,19,20270945,298.500694112687,6.119644,1,0,9562,0,0.0269629,516,116,16,16,0.105324342206168,0,0,0.0533333333333333,0,0,0,0.946666666666667
1,CVF-AE-w/o-StateAdaptiveCVF,20,20270946,293.831008515585,6.1253722,1,0,9553,0,0.0222635,514,105,9,9,0.0192808595079401,0.02,0,0.01,0,0,0,0.97
1,CVF-AE-w/o-StateAdaptiveCVF,21,20270947,296.929027824452,6.1834258,1,0,9572,4,0.0926482,517,170,25,24,0.0820487573442487,0.0566666666666667,0,0.0133333333333333,0,0,0,0.93
1,CVF-AE-w/o-StateAdaptiveCVF,22,20270948,296.45519585611,6.2020459,1,0,9572,7,0.1540313,515,171,27,27,0.0427202002900581,0.0366666666666667,0,0.03,0,0,0,0.933333333333333
1,CVF-AE-w/o-StateAdaptiveCVF,23,20270949,299.949776471529,6.1858625,1,0,9561,0,0.0274848,514,127,17,16,0.0765677947726044,0.02,0,0.0366666666666667,0,0,0,0.943333333333333
1,CVF-AE-w/o-StateAdaptiveCVF,24,20270950,299.413298080355,6.2754997,1,0,9562,0,0.0273574,513,148,19,19,0.0973916290267314,0.0266666666666667,0,0.0366666666666667,0,0,0,0.936666666666667
1,CVF-AE-w/o-StateAdaptiveCVF,25,20270951,295.556433304298,6.2375672,1,0,9567,0,0.026999,515,122,22,22,0.0959960180936394,0.0233333333333333,0,0.05,0,0,0,0.926666666666667
1,CVF-AE-w/o-StateAdaptiveCVF,26,20270952,298.129252798124,6.2826245,1,0,9561,0,0.0244447,513,156,18,17,0.0654267154608813,0.05,0,0.01,0,0,0,0.94
1,CVF-AE-w/o-StateAdaptiveCVF,27,20270953,300.423654253231,6.2233777,1,0,9564,0,0.0246994,515,126,19,18,0.0642749168607908,0.0133333333333333,0,0.05,0,0,0,0.936666666666667
1,CVF-AE-w/o-StateAdaptiveCVF,28,20270954,298.380016383795,6.1274584,1,0,9566,0,0.02708,516,124,20,18,0.0441620318093687,0.0666666666666667,0,0,0,0,0,0.933333333333333
1,CVF-AE-w/o-StateAdaptiveCVF,29,20270955,302.840599389683,6.2100008,1,0,9575,0,0.0225083,509,111,36,34,0.101365255166201,0.116666666666667,0,0.00333333333333333,0,0,0,0.88
1,CVF-AE-w/o-StateAdaptiveCVF,30,20270956,297.460777475446,6.1252307,1,0,9569,0,0.0307436,517,137,22,21,0.0717404036537446,0.06,0,0.0133333333333333,0,0,0,0.926666666666667
1,CVF-AE-w/o-SparsePreservation,1,20271027,308.853219012925,4.9413695,1,0,9130,0,0.0177952,0,0,100,80,0.88411742668643,0.133333333333333,0,0.2,0,0,0,0.666666666666667
1,CVF-AE-w/o-SparsePreservation,2,20271028,308.025302594743,4.9874455,1,0,9144,5,0.106632,0,0,114,91,0.192489768400934,0.106666666666667,0,0.24,0,0,0,0.653333333333333
1,CVF-AE-w/o-SparsePreservation,3,20271029,310.202178745917,4.9315053,1,0,9146,6,0.1370825,0,0,116,93,0.446508830686642,0.216666666666667,0,0,0,0,0.13,0.653333333333333
1,CVF-AE-w/o-SparsePreservation,4,20271030,307.294847378741,4.8998466,1,0,9130,0,0.0171466,0,0,100,83,0.390816067864504,0.256666666666667,0,0.0766666666666667,0,0,0,0.666666666666667
1,CVF-AE-w/o-SparsePreservation,5,20271031,308.558771426661,4.9496384,1,0,9130,0,0.0184732,0,0,100,84,0.180336204886076,0.0133333333333333,0,0.32,0,0,0,0.666666666666667
1,CVF-AE-w/o-SparsePreservation,6,20271032,308.991097801086,4.9333841,1,0,9130,0,0.0173786,0,0,100,79,0.513186335749142,0.263333333333333,0,0.07,0,0,0,0.666666666666667
1,CVF-AE-w/o-SparsePreservation,7,20271033,308.270358298425,4.9453339,1,0,9136,2,0.0501349,0,0,106,90,0.191977756719747,0,0,0.34,0,0,0,0.66
1,CVF-AE-w/o-SparsePreservation,8,20271034,310.233686934709,4.9820356,1,0,9160,11,0.2210011,0,0,130,111,0.502053082922095,0.186666666666667,0,0.0133333333333333,0,0,0.16,0.64
1,CVF-AE-w/o-SparsePreservation,9,20271035,307.348448382828,4.9085978,1,0,9130,0,0.016929,0,0,100,81,0.761745481268097,0.26,0,0.05,0,0.0233333333333333,0,0.666666666666667
1,CVF-AE-w/o-SparsePreservation,10,20271036,310.633844351355,4.8922335,1,0,9130,0,0.0168916,0,0,100,89,1.03422197700135,0.0766666666666667,0,0.256666666666667,0,0,0,0.666666666666667
1,CVF-AE-w/o-SparsePreservation,11,20271037,312.00621253615,4.9224352,1,0,9152,9,0.1886273,0,0,122,110,0.649656574765001,0.17,0,0.08,0,0,0.0966666666666667,0.653333333333333
1,CVF-AE-w/o-SparsePreservation,12,20271038,307.158408872734,4.8919859,1,0,9130,0,0.0167393,0,0,100,83,0.19657326219357,0.04,0,0.293333333333333,0,0,0,0.666666666666667
1,CVF-AE-w/o-SparsePreservation,13,20271039,300.961160614112,4.8767921,1,0,9111,13,0.2659302,0,0,81,68,0.465455117686109,0.103333333333333,0,0.08,0,0,0,0.816666666666667
1,CVF-AE-w/o-SparsePreservation,14,20271040,308.654442553476,5.0299692,1,0,9168,14,0.291619,0,0,138,112,0.240348423130159,0.36,0,0.00666666666666667,0,0,0,0.633333333333333
1,CVF-AE-w/o-SparsePreservation,15,20271041,309.640351915201,4.9599926,1,0,9149,7,0.1527818,0,0,119,104,0.59134437077544,0.32,0,0.03,0,0,0,0.65
1,CVF-AE-w/o-SparsePreservation,16,20271042,309.81313504491,4.9895304,1,0,9166,14,0.297895,0,0,136,115,0.641671814309985,0.16,0,0.2,0,0,0,0.64
1,CVF-AE-w/o-SparsePreservation,17,20271043,305.959926395196,4.9114995,1,0,9130,0,0.0169302,0,0,100,87,0.886068255213855,0.156666666666667,0,0,0,0,0.176666666666667,0.666666666666667
1,CVF-AE-w/o-SparsePreservation,18,20271044,307.96409953851,4.8980365,1,0,9130,0,0.0197356,0,0,100,75,0.771821089959153,0.213333333333333,0,0.0433333333333333,0,0,0.0766666666666667,0.666666666666667
1,CVF-AE-w/o-SparsePreservation,19,20271045,302.917079070771,5.0166572,1,0,9193,25,0.5090739,0,0,163,141,0.842372072496586,0.286666666666667,0,0.1,0,0,0,0.613333333333333
1,CVF-AE-w/o-SparsePreservation,20,20271046,311.308487366846,4.9450559,1,0,9136,2,0.0486339,0,0,106,88,0.473121442930396,0.156666666666667,0,0.15,0,0.01,0.0233333333333333,0.66
1,CVF-AE-w/o-SparsePreservation,21,20271047,309.090249772265,5.1137314,1,0,9208,29,0.5900919,0,0,178,151,0.730635276516129,0.153333333333333,0,0.24,0,0,0.00666666666666667,0.6
1,CVF-AE-w/o-SparsePreservation,22,20271048,308.958363270185,4.9919228,1,0,9130,0,0.0177742,0,0,100,80,0.588122096878172,0.206666666666667,0,0.126666666666667,0,0,0,0.666666666666667
1,CVF-AE-w/o-SparsePreservation,23,20271049,305.904696009814,4.9819853,1,0,9130,0,0.0175324,0,0,100,78,1.06057750579617,0.0766666666666667,0,0.0233333333333333,0,0.0233333333333333,0.21,0.666666666666667
1,CVF-AE-w/o-SparsePreservation,24,20271050,305.807472304296,5.0229761,1,0,9130,0,0.0174789,0,0,100,68,0.502168821816208,0.236666666666667,0,0.0966666666666667,0,0,0,0.666666666666667
1,CVF-AE-w/o-SparsePreservation,25,20271051,308.145135666501,4.966731,1,0,9130,0,0.0168898,0,0,100,81,0.712735560399774,0.0133333333333333,0,0.253333333333333,0,0,0.0666666666666667,0.666666666666667
1,CVF-AE-w/o-SparsePreservation,26,20271052,307.026209622916,4.9792679,1,0,9144,6,0.1168204,0,0,114,105,0.519603084141749,0.11,0,0.23,0,0,0,0.66
1,CVF-AE-w/o-SparsePreservation,27,20271053,291.84701876045,4.8599646,1,0,9092,5,0.1074713,0,0,62,37,0.7279923689924,0.0533333333333333,0.116666666666667,0,0,0,0.00333333333333333,0.826666666666667
1,CVF-AE-w/o-SparsePreservation,28,20271054,295.954310649621,5.0082472,1,0,9159,18,0.3817867,0,0,129,102,0.91681141392912,0.146666666666667,0,0.17,0,0,0,0.683333333333333
1,CVF-AE-w/o-SparsePreservation,29,20271055,305.198200829247,4.9516322,1,0,9130,0,0.0168128,0,0,100,81,0.804100935615523,0.09,0,0.243333333333333,0,0,0,0.666666666666667
1,CVF-AE-w/o-SparsePreservation,30,20271056,308.59305932083,4.9600406,1,0,9130,0,0.0166927,0,0,100,80,0.454904044735029,0,0,0.18,0,0,0.153333333333333,0.666666666666667
1,CVF-AE-w/o-CVF,1,20271127,307.996259824089,5.9991438,1,0,9499,0,0.0268707,469,170,0,0,0,0,0,0,0,0,0,1
1,CVF-AE-w/o-CVF,2,20271128,307.673182196991,5.9782448,1,0,9494,14,0.2422933,464,162,0,0,0,0,0,0,0,0,0,1
1,CVF-AE-w/o-CVF,3,20271129,308.044620356302,5.8888164,1,0,9466,0,0.0269017,436,124,0,0,0,0,0,0,0,0,0,1
1,CVF-AE-w/o-CVF,4,20271130,307.38533348214,5.8666396,1,0,9445,0,0.0268111,415,114,0,0,0,0,0,0,0,0,0,1
1,CVF-AE-w/o-CVF,5,20271131,296.547438055296,5.7787556,1,0,9422,0,0.0309804,392,151,0,0,0,0,0,0,0,0,0,1
1,CVF-AE-w/o-CVF,6,20271132,307.573067616836,5.9208839,1,0,9485,0,0.0284806,455,134,0,0,0,0,0,0,0,0,0,1
1,CVF-AE-w/o-CVF,7,20271133,305.450799526832,5.812319,1,0,9452,0,0.0244303,422,124,0,0,0,0,0,0,0,0,0,1
1,CVF-AE-w/o-CVF,8,20271134,303.326048501766,5.9350905,1,0,9472,0,0.028331,442,135,0,0,0,0,0,0,0,0,0,1
1,CVF-AE-w/o-CVF,9,20271135,307.791657133681,6.0488251,1,0,9507,0,0.0297052,477,131,0,0,0,0,0,0,0,0,0,1
1,CVF-AE-w/o-CVF,10,20271136,304.679575232896,5.8997664,1,0,9475,0,0.0243749,445,155,0,0,0,0,0,0,0,0,0,1
1,CVF-AE-w/o-CVF,11,20271137,307.577658170723,5.9198384,1,0,9471,3,0.0646184,441,138,0,0,0,0,0,0,0,0,0,1
1,CVF-AE-w/o-CVF,12,20271138,303.838285384842,5.9059153,1,0,9468,0,0.0248834,438,142,0,0,0,0,0,0,0,0,0,1
1,CVF-AE-w/o-CVF,13,20271139,308.036438447691,5.9775231,1,0,9493,0,0.028175,463,167,0,0,0,0,0,0,0,0,0,1
1,CVF-AE-w/o-CVF,14,20271140,305.208039531595,5.6846735,1,0,9399,0,0.0244013,369,127,0,0,0,0,0,0,0,0,0,1
1,CVF-AE-w/o-CVF,15,20271141,310.561357839895,5.9017918,1,0,9474,13,0.2188075,444,167,0,0,0,0,0,0,0,0,0,1
1,CVF-AE-w/o-CVF,16,20271142,309.179742338903,6.0862515,1,0,9526,9,0.1596687,496,187,0,0,0,0,0,0,0,0,0,1
1,CVF-AE-w/o-CVF,17,20271143,308.585789538311,5.9912233,1,0,9493,0,0.0284235,463,174,0,0,0,0,0,0,0,0,0,1
1,CVF-AE-w/o-CVF,18,20271144,298.117272801575,5.8703959,1,0,9476,19,0.3176747,446,125,0,0,0,0,0,0,0,0,0,1
1,CVF-AE-w/o-CVF,19,20271145,307.741463430003,5.9063653,1,0,9481,0,0.0271444,451,132,0,0,0,0,0,0,0,0,0,1
1,CVF-AE-w/o-CVF,20,20271146,306.985605816098,5.9210973,1,0,9493,0,0.0284232,463,138,0,0,0,0,0,0,0,0,0,1
1,CVF-AE-w/o-CVF,21,20271147,309.015479416141,5.967359,1,0,9482,0,0.0253392,452,138,0,0,0,0,0,0,0,0,0,1
1,CVF-AE-w/o-CVF,22,20271148,307.268388172337,5.889144,1,0,9478,0,0.0269584,448,137,0,0,0,0,0,0,0,0,0,1
1,CVF-AE-w/o-CVF,23,20271149,307.5029142244,5.915896,1,0,9477,0,0.0254745,447,148,0,0,0,0,0,0,0,0,0,1
1,CVF-AE-w/o-CVF,24,20271150,308.388573062677,5.9663519,1,0,9490,0,0.0297376,460,138,0,0,0,0,0,0,0,0,0,1
1,CVF-AE-w/o-CVF,25,20271151,308.124692520427,5.86213,1,0,9449,0,0.0248928,419,251,0,0,0,0,0,0,0,0,0,1
1,CVF-AE-w/o-CVF,26,20271152,306.521331430585,5.9839396,1,0,9510,0,0.027528,480,155,0,0,0,0,0,0,0,0,0,1
1,CVF-AE-w/o-CVF,27,20271153,308.637827533483,5.8092324,1,0,9444,0,0.0277063,414,116,0,0,0,0,0,0,0,0,0,1
1,CVF-AE-w/o-CVF,28,20271154,308.483372433668,5.9072968,1,0,9474,0,0.0268556,444,173,0,0,0,0,0,0,0,0,0,1
1,CVF-AE-w/o-CVF,29,20271155,307.783252646509,6.0215752,1,0,9497,0,0.0300236,467,166,0,0,0,0,0,0,0,0,0,1
1,CVF-AE-w/o-CVF,30,20271156,296.539656258916,5.9694862,1,0,9448,0,0.027688,418,228,0,0,0,0,0,0,0,0,0,1
1,CVF-AE,1,20271227,296.281409746657,6.0765696,1,0,9518,0,0.0271327,400,126,88,76,0.622303696070042,0.07,0,0.223333333333333,0,0,0,0.706666666666667
1,CVF-AE,2,20271228,305.896836873159,6.2647071,1,0,9574,0,0.0270664,444,134,100,84,0.61532950902154,0.146666666666667,0,0.09,0,0,0.0966666666666667,0.666666666666667
1,CVF-AE,3,20271229,298.983187856765,5.9289659,1,0,9447,9,0.2082495,353,91,64,59,0.135766968781839,0.03,0,0.1,0,0,0.0233333333333333,0.846666666666667
1,CVF-AE,4,20271230,308.236776134709,6.2535964,1,0,9604,0,0.0295351,474,160,100,83,1.15692853220221,0.0833333333333333,0,0.0366666666666667,0,0.153333333333333,0.06,0.666666666666667
1,CVF-AE,5,20271231,304.649291760273,6.1804646,1,0,9619,0,0.0296467,489,147,100,78,0.658401383370335,0.163333333333333,0,0.00666666666666667,0,0,0.163333333333333,0.666666666666667
1,CVF-AE,6,20271232,305.689346144714,6.1696559,1,0,9608,0,0.0268832,480,139,98,83,0.538912649054665,0.21,0,0.116666666666667,0,0,0,0.673333333333333
1,CVF-AE,7,20271233,306.092896070854,6.0586377,1,0,9559,1,0.035237,431,116,98,85,0.741799868918386,0.0133333333333333,0,0.306666666666667,0,0,0,0.68
1,CVF-AE,8,20271234,311.392925264149,6.1725832,1,0,9606,6,0.1447852,460,150,116,102,0.461323032420586,0.0333333333333333,0,0.313333333333333,0,0,0,0.653333333333333
1,CVF-AE,9,20271235,307.780619923099,6.195991,1,0,9586,0,0.0301446,456,140,100,82,0.246915520766453,0.0566666666666667,0,0.276666666666667,0,0,0,0.666666666666667
1,CVF-AE,10,20271236,299.143165749299,6.0104441,1,0,9541,10,0.2253798,410,123,101,85,0.169257629765931,0.01,0,0.26,0,0,0,0.73
1,CVF-AE,11,20271237,301.492044144886,6.0539638,1,0,9555,0,0.0310923,431,121,94,81,0.472772589404717,0.2,0,0.05,0,0,0.0633333333333333,0.686666666666667
1,CVF-AE,12,20271238,308.862693009877,6.072986,1,0,9579,0,0.0293562,449,222,100,85,0.511834828022029,0.25,0,0.0833333333333333,0,0,0,0.666666666666667
1,CVF-AE,13,20271239,309.85698418633,6.1287289,1,0,9599,4,0.0995217,458,137,111,91,0.675319715278104,0.13,0,0.213333333333333,0,0,0,0.656666666666667
1,CVF-AE,14,20271240,309.305250342305,6.1168098,1,0,9607,18,0.3830594,429,122,148,126,0.482350051751345,0.27,0,0.1,0,0,0.00333333333333333,0.626666666666667
1,CVF-AE,15,20271241,307.772286399292,6.1655022,1,0,9608,2,0.0680447,472,130,106,88,0.409854365463366,0.323333333333333,0,0.0166666666666667,0,0,0,0.66
1,CVF-AE,16,20271242,307.050288636225,6.1744662,1,0,9600,0,0.0308939,470,150,100,85,0.839436677423098,0.11,0,0.223333333333333,0,0,0,0.666666666666667
1,CVF-AE,17,20271243,297.271492915264,6.0619329,1,0,9547,0,0.02994,432,122,85,72,0.36268737647864,0.13,0,0.146666666666667,0.00333333333333333,0,0.00333333333333333,0.716666666666667
1,CVF-AE,18,20271244,309.036456285689,6.0226194,1,0,9540,0,0.0270726,410,132,100,86,0.46305395284063,0.0166666666666667,0,0.25,0.0566666666666667,0,0.01,0.666666666666667
1,CVF-AE,19,20271245,315.508853046179,6.1803953,1,0,9628,7,0.1712552,479,166,119,95,0.432370489113047,0.326666666666667,0,0.0233333333333333,0,0,0,0.65
1,CVF-AE,20,20271246,308.083858210372,6.0920492,1,0,9573,0,0.0268627,443,131,100,84,0.883069524540697,0.16,0,0.173333333333333,0,0,0,0.666666666666667
1,CVF-AE,21,20271247,307.211400791372,6.1396694,1,0,9587,0,0.0294586,457,148,100,83,0.593007919061995,0.33,0,0.00333333333333333,0,0,0,0.666666666666667
1,CVF-AE,22,20271248,307.508364816022,6.1003718,1,0,9556,0,0.0298605,449,166,77,57,0.291059792449406,0.09,0.01,0.156666666666667,0,0,0,0.743333333333333
1,CVF-AE,23,20271249,296.396219838909,5.9458548,1,0,9533,15,0.3253129,379,120,124,100,0.288801875504099,0.116666666666667,0,0.196666666666667,0,0,0,0.686666666666667
1,CVF-AE,24,20271250,307.198041765346,6.28625,1,0,9651,18,0.3785431,476,140,145,124,0.660198124288213,0.09,0,0.273333333333333,0,0,0,0.636666666666667
1,CVF-AE,25,20271251,308.909668246397,6.1291513,1,0,9571,0,0.0283076,441,172,100,78,0.527979650161229,0.126666666666667,0,0.206666666666667,0,0,0,0.666666666666667
1,CVF-AE,26,20271252,307.594002087663,6.1800792,1,0,9588,0,0.027248,458,130,100,79,0.734938560996838,0.206666666666667,0,0.03,0,0.02,0.0766666666666667,0.666666666666667
1,CVF-AE,27,20271253,294.413521571595,5.8608049,1,0,9449,3,0.077774,342,115,77,57,0.679086343275815,0.0266666666666667,0,0.19,0,0.02,0,0.763333333333333
1,CVF-AE,28,20271254,309.060337931494,6.1217522,1,0,9567,0,0.028437,437,218,100,83,0.631288191774171,0.0566666666666667,0,0.27,0,0.00666666666666667,0,0.666666666666667
1,CVF-AE,29,20271255,313.310805526835,6.2665249,1,0,9631,13,0.2928925,466,121,135,117,0.245846954900961,0.363333333333333,0,0,0,0,0,0.636666666666667
1,CVF-AE,30,20271256,305.655264760071,6.0785211,1,0,9547,0,0.0276456,417,122,100,79,0.492372562021425,0.276666666666667,0,0.01,0,0,0.0466666666666667,0.666666666666667
2,Base-AE,1,20280727,1701.30437911393,4.6364251,0,8,9030,NaN,NaN,NaN,NaN,0,0,NaN,0,0,0,0,0,0,1
2,Base-AE,2,20280728,1781.73467360676,4.5980009,0,9,9030,NaN,NaN,NaN,NaN,0,0,NaN,0,0,0,0,0,0,1
2,Base-AE,3,20280729,858.271185892733,4.5941359,0,3,9030,NaN,NaN,NaN,NaN,0,0,NaN,0,0,0,0,0,0,1
2,Base-AE,4,20280730,1630.06589108089,4.5684906,0,8,9030,NaN,NaN,NaN,NaN,0,0,NaN,0,0,0,0,0,0,1
2,Base-AE,5,20280731,1641.53584531513,4.5788608,0,7,9030,NaN,NaN,NaN,NaN,0,0,NaN,0,0,0,0,0,0,1
2,Base-AE,6,20280732,1168.94676900809,4.5841679,0,4,9030,NaN,NaN,NaN,NaN,0,0,NaN,0,0,0,0,0,0,1
2,Base-AE,7,20280733,1660.47374123665,4.6403147,0,8,9030,NaN,NaN,NaN,NaN,0,0,NaN,0,0,0,0,0,0,1
2,Base-AE,8,20280734,1813.35685841101,4.5769936,0,9,9030,NaN,NaN,NaN,NaN,0,0,NaN,0,0,0,0,0,0,1
2,Base-AE,9,20280735,1748.70615756165,4.6801759,0,9,9030,NaN,NaN,NaN,NaN,0,0,NaN,0,0,0,0,0,0,1
2,Base-AE,10,20280736,1143.11364414288,4.6350833,0,5,9030,NaN,NaN,NaN,NaN,0,0,NaN,0,0,0,0,0,0,1
2,Base-AE,11,20280737,1388.07380050356,4.6563919,0,6,9030,NaN,NaN,NaN,NaN,0,0,NaN,0,0,0,0,0,0,1
2,Base-AE,12,20280738,1503.87105123441,4.6104607,0,7,9030,NaN,NaN,NaN,NaN,0,0,NaN,0,0,0,0,0,0,1
2,Base-AE,13,20280739,1128.47542793498,4.6575228,0,3,9030,NaN,NaN,NaN,NaN,0,0,NaN,0,0,0,0,0,0,1
2,Base-AE,14,20280740,1993.39484854877,4.6234503,0,10,9030,NaN,NaN,NaN,NaN,0,0,NaN,0,0,0,0,0,0,1
2,Base-AE,15,20280741,1593.67615116428,4.5649032,0,8,9030,NaN,NaN,NaN,NaN,0,0,NaN,0,0,0,0,0,0,1
2,Base-AE,16,20280742,1570.73787670446,4.5928939,0,7,9030,NaN,NaN,NaN,NaN,0,0,NaN,0,0,0,0,0,0,1
2,Base-AE,17,20280743,1726.74377507561,4.5924633,0,8,9030,NaN,NaN,NaN,NaN,0,0,NaN,0,0,0,0,0,0,1
2,Base-AE,18,20280744,1018.72096443824,4.614941,0,4,9030,NaN,NaN,NaN,NaN,0,0,NaN,0,0,0,0,0,0,1
2,Base-AE,19,20280745,1899.97052124887,4.5617428,0,9,9030,NaN,NaN,NaN,NaN,0,0,NaN,0,0,0,0,0,0,1
2,Base-AE,20,20280746,2015.37985367481,4.5709198,0,9,9030,NaN,NaN,NaN,NaN,0,0,NaN,0,0,0,0,0,0,1
2,Base-AE,21,20280747,940.023689919902,4.5413757,0,3,9030,NaN,NaN,NaN,NaN,0,0,NaN,0,0,0,0,0,0,1
2,Base-AE,22,20280748,1351.47302607207,4.5325786,0,6,9030,NaN,NaN,NaN,NaN,0,0,NaN,0,0,0,0,0,0,1
2,Base-AE,23,20280749,1181.66570499593,4.5457265,0,4,9030,NaN,NaN,NaN,NaN,0,0,NaN,0,0,0,0,0,0,1
2,Base-AE,24,20280750,1581.74652884254,4.5325313,0,7,9030,NaN,NaN,NaN,NaN,0,0,NaN,0,0,0,0,0,0,1
2,Base-AE,25,20280751,1986.03363271302,4.5728427,0,9,9030,NaN,NaN,NaN,NaN,0,0,NaN,0,0,0,0,0,0,1
2,Base-AE,26,20280752,1447.61129319305,4.5395944,0,6,9030,NaN,NaN,NaN,NaN,0,0,NaN,0,0,0,0,0,0,1
2,Base-AE,27,20280753,1753.32528205679,4.5725427,0,7,9030,NaN,NaN,NaN,NaN,0,0,NaN,0,0,0,0,0,0,1
2,Base-AE,28,20280754,2060.76389440252,4.5824153,0,9,9030,NaN,NaN,NaN,NaN,0,0,NaN,0,0,0,0,0,0,1
2,Base-AE,29,20280755,1869.15867389698,4.577375,0,9,9030,NaN,NaN,NaN,NaN,0,0,NaN,0,0,0,0,0,0,1
2,Base-AE,30,20280756,2436.98113110107,4.5677435,0,12,9030,NaN,NaN,NaN,NaN,0,0,NaN,0,0,0,0,0,0,1
2,CVF-AE-w/o-Init,1,20280827,323.931007142124,6.3561758,1,0,9663,58,1.2270773,406,285,227,168,2.06426917032506,0.436666666666667,0,0,0,0,0.0266666666666667,0.536666666666667
2,CVF-AE-w/o-Init,2,20280828,316.293732662778,6.2681374,1,0,9655,47,0.9659949,422,338,203,145,1.95695852206516,0.353333333333333,0,0,0,0,0.0866666666666667,0.56
2,CVF-AE-w/o-Init,3,20280829,287.380501834986,6.3973963,1,0,9682,45,0.9306648,466,425,186,130,1.51411088228215,0.306666666666667,0,0,0,0.0333333333333333,0.00666666666666667,0.653333333333333
2,CVF-AE-w/o-Init,4,20280830,315.477017965448,6.2979052,1,0,9660,46,0.9382678,422,321,208,153,1.43915330845039,0.42,0,0,0,0.00666666666666667,0,0.573333333333333
2,CVF-AE-w/o-Init,5,20280831,316.338311759666,6.1825471,1,0,9606,38,0.7355961,411,281,165,123,1.43476345870286,0.383333333333333,0,0,0,0,0,0.616666666666667
2,CVF-AE-w/o-Init,6,20280832,314.950753987849,6.3631774,1,0,9691,57,1.1802382,435,285,226,144,2.08668980239079,0.333333333333333,0.0933333333333333,0,0,0.0333333333333333,0,0.54
2,CVF-AE-w/o-Init,7,20280833,324.29524640065,6.2550714,1,0,9601,16,0.2906008,463,255,108,80,1.32929044955664,0.293333333333333,0,0,0,0,0.04,0.666666666666667
2,CVF-AE-w/o-Init,8,20280834,310.740934842467,6.3149026,1,0,9641,13,0.266634,490,360,121,66,1.36220507748828,0.35,0,0,0,0.00333333333333333,0,0.646666666666667
2,CVF-AE-w/o-Init,9,20280835,280.191058136765,5.7800867,1,0,9415,0,0.0234962,332,301,53,40,0.667105470026748,0.17,0,0,0.00666666666666667,0,0,0.823333333333333
2,CVF-AE-w/o-Init,10,20280836,303.118427776463,6.1330615,1,0,9585,30,0.5860152,412,312,143,101,1.46541982372204,0.35,0,0,0,0.00333333333333333,0.0133333333333333,0.633333333333333
2,CVF-AE-w/o-Init,11,20280837,317.145908094859,6.2648198,1,0,9616,13,0.2534029,463,275,123,79,1.61024507918288,0.316666666666667,0,0,0,0.00666666666666667,0.04,0.636666666666667
2,CVF-AE-w/o-Init,12,20280838,301.463443390904,6.1116784,1,0,9558,29,0.5748337,377,233,151,120,1.02527026030095,0.34,0,0,0,0,0.0166666666666667,0.643333333333333
2,CVF-AE-w/o-Init,13,20280839,313.586622135076,6.0622349,1,0,9566,48,1.0139673,341,196,195,128,1.35545123258815,0.346666666666667,0,0,0,0.00333333333333333,0,0.65
2,CVF-AE-w/o-Init,14,20280840,317.023466828184,6.3030385,1,0,9652,36,0.7464221,441,249,181,144,1.73805702061859,0.386666666666667,0,0,0,0.00333333333333333,0,0.61
2,CVF-AE-w/o-Init,15,20280841,306.977515499268,6.0681333,1,0,9552,26,0.4756968,399,235,123,83,1.43751528737229,0.343333333333333,0,0,0,0.01,0,0.646666666666667
2,CVF-AE-w/o-Init,16,20280842,316.162523544018,6.1950307,1,0,9612,49,0.9410446,410,338,172,124,1.70881437589124,0.353333333333333,0.0366666666666667,0,0,0,0,0.61
2,CVF-AE-w/o-Init,17,20280843,293.470645059887,5.8807557,1,0,9447,7,0.1222202,331,194,86,55,0.935696414715152,0.276666666666667,0,0,0,0,0,0.723333333333333
2,CVF-AE-w/o-Init,18,20280844,310.814328354136,6.2035773,1,0,9605,23,0.4493353,436,259,139,105,1.31557875508107,0.283333333333333,0,0,0,0.0366666666666667,0.0366666666666667,0.643333333333333
2,CVF-AE-w/o-Init,19,20280845,321.197697323441,6.2922877,1,0,9690,66,1.3367846,419,259,241,165,2.07743357707331,0.416666666666667,0,0,0,0.04,0.0233333333333333,0.52
2,CVF-AE-w/o-Init,20,20280846,312.707400886147,6.0876088,1,0,9580,20,0.4133357,410,290,140,55,2.24635700143206,0.353333333333333,0,0,0,0,0,0.646666666666667
2,CVF-AE-w/o-Init,21,20280847,313.200716618266,6.079617,1,0,9559,18,0.3359264,410,267,119,100,1.25418121964913,0.366666666666667,0,0,0,0,0,0.633333333333333
2,CVF-AE-w/o-Init,22,20280848,315.596558215066,6.1489196,1,0,9556,18,0.3265083,418,282,108,74,0.857682635052083,0.34,0,0,0,0,0,0.66
2,CVF-AE-w/o-Init,23,20280849,300.422178370233,6.0813145,1,0,9558,26,0.5408448,378,230,150,89,1.33177236035841,0.343333333333333,0,0,0,0,0,0.656666666666667
2,CVF-AE-w/o-Init,24,20280850,394.87959502856,6.052369,1,0,9608,101,2.0491553,300,137,278,217,2.28340628926863,0.523333333333333,0,0,0,0,0,0.476666666666667
2,CVF-AE-w/o-Init,25,20280851,291.94328814474,6.6156285,1,0,9512,32,0.6074145,349,195,133,96,0.99419399527626,0.333333333333333,0,0,0,0,0,0.666666666666667
2,CVF-AE-w/o-Init,26,20280852,317.810952148256,23.4871995,1,0,9659,34,2.5834592,453,255,176,125,1.29849127501165,0.4,0,0,0,0,0.00666666666666667,0.593333333333333
2,CVF-AE-w/o-Init,27,20280853,307.950996671953,19.9480334,1,0,9603,12,0.5262892,455,321,118,86,0.817197357428965,0.35,0,0,0,0,0,0.65
2,CVF-AE-w/o-Init,28,20280854,310.458032821181,26.4331209,1,0,9666,52,3.3681024,436,283,200,136,1.80277492739624,0.42,0,0,0,0,0.00333333333333333,0.576666666666667
2,CVF-AE-w/o-Init,29,20280855,306.162662499518,22.3891865,1,0,9566,32,2.6797236,378,221,158,108,1.00538458588504,0.4,0,0,0,0,0,0.6
2,CVF-AE-w/o-Init,30,20280856,308.097128743266,26.596752,1,0,9660,45,2.5240345,468,345,162,117,1.43649539547651,0.186666666666667,0,0,0,0,0.183333333333333,0.63
2,CVF-AE-w/o-StateAdaptiveCVF,1,20280927,298.388694260498,30.8125799,1,0,9552,7,0.3409015,508,331,14,8,0.100416689674309,0.0233333333333333,0,0,0,0,0.00666666666666667,0.97
2,CVF-AE-w/o-StateAdaptiveCVF,2,20280928,299.609045776921,30.0063373,1,0,9552,5,0.4576503,512,308,10,6,0.122160753805893,0.0233333333333333,0,0,0,0.00333333333333333,0,0.973333333333333
2,CVF-AE-w/o-StateAdaptiveCVF,3,20280929,297.532409346616,30.7482076,1,0,9549,17,1.1843907,512,301,7,5,0.0556231441592121,0.0166666666666667,0,0,0,0,0.00333333333333333,0.98
2,CVF-AE-w/o-StateAdaptiveCVF,4,20280930,307.149045609518,25.6785097,1,0,9576,18,1.5262816,512,288,34,23,0.263406961897856,0.0533333333333333,0,0,0,0,0.0133333333333333,0.933333333333333
2,CVF-AE-w/o-StateAdaptiveCVF,5,20280931,298.170263682357,19.6644371,1,0,9550,4,0.3662578,510,321,10,8,0.0753707883528451,0.0266666666666667,0,0,0,0,0,0.973333333333333
2,CVF-AE-w/o-StateAdaptiveCVF,6,20280932,302.109399357387,22.9862522,1,0,9551,6,0.4217469,511,311,10,7,0.0823984017092929,0.0233333333333333,0,0,0,0,0,0.976666666666667
2,CVF-AE-w/o-StateAdaptiveCVF,7,20280933,300.129147553411,27.0194465,1,0,9567,12,0.7511901,512,303,25,19,0.11911580941072,0.02,0,0,0,0,0.03,0.95
2,CVF-AE-w/o-StateAdaptiveCVF,8,20280934,304.693820699673,26.2912721,1,0,9584,27,1.6820699,512,335,42,36,0.595346650040119,0.106666666666667,0,0,0,0,0,0.893333333333333
2,CVF-AE-w/o-StateAdaptiveCVF,9,20280935,302.640511854155,26.5094222,1,0,9555,5,0.4893985,512,288,13,11,0.103038675140736,0.0266666666666667,0,0,0,0,0.00333333333333333,0.97
2,CVF-AE-w/o-StateAdaptiveCVF,10,20280936,300.270302400947,20.2783159,1,0,9567,12,0.6109155,512,299,25,17,0.160824203140086,0.0366666666666667,0,0,0,0,0.0166666666666667,0.946666666666667
2,CVF-AE-w/o-StateAdaptiveCVF,11,20280937,305.732230043655,20.6022385,1,0,9558,6,0.4834691,511,295,17,8,0.173051356415614,0.0333333333333333,0,0,0,0,0.01,0.956666666666667
2,CVF-AE-w/o-StateAdaptiveCVF,12,20280938,300.81828586694,12.754964,1,0,9567,10,0.1988227,513,338,24,16,0.174020513408845,0.05,0,0,0,0,0,0.95
2,CVF-AE-w/o-StateAdaptiveCVF,13,20280939,304.642527060454,20.7791162,1,0,9549,0,0.0553813,513,343,6,3,0.0784265965164321,0.02,0,0,0,0,0,0.98
2,CVF-AE-w/o-StateAdaptiveCVF,14,20280940,302.082117666572,21.1347057,1,0,9565,12,0.5189733,514,309,21,15,0.17113793700279,0.0366666666666667,0,0,0,0,0.00666666666666667,0.956666666666667
2,CVF-AE-w/o-StateAdaptiveCVF,15,20280941,302.405635231212,26.85137,1,0,9572,14,1.2013436,513,309,29,21,0.21712938845293,0.0266666666666667,0,0,0,0,0.0266666666666667,0.946666666666667
2,CVF-AE-w/o-StateAdaptiveCVF,16,20280942,306.042853808919,18.7631138,1,0,9547,0,0.0439564,512,324,5,5,0.0490315085257586,0.0133333333333333,0,0,0,0,0.00333333333333333,0.983333333333333
2,CVF-AE-w/o-StateAdaptiveCVF,17,20280943,299.753026034325,19.7371771,1,0,9555,7,0.3615479,510,310,15,12,0.152581493950073,0.0366666666666667,0,0,0,0,0,0.963333333333333
2,CVF-AE-w/o-StateAdaptiveCVF,18,20280944,300.223663680927,13.5465063,1,0,9554,10,0.7203896,510,298,14,10,0.11953496680452,0.0266666666666667,0,0,0,0,0.00666666666666667,0.966666666666667
2,CVF-AE-w/o-StateAdaptiveCVF,19,20280945,303.573034721156,14.0365251,1,0,9556,9,0.4092615,511,300,15,10,0.0960001718290582,0.0266666666666667,0,0,0,0,0.00333333333333333,0.97
2,CVF-AE-w/o-StateAdaptiveCVF,20,20280946,301.290539261896,13.5440967,1,0,9548,0,0.0493522,513,296,5,4,0.0543550387346622,0.00666666666666667,0,0,0,0,0.01,0.983333333333333
2,CVF-AE-w/o-StateAdaptiveCVF,21,20280947,306.330054659866,13.4151349,1,0,9553,5,0.1982952,512,312,11,7,0.125514753485426,0.0266666666666667,0,0,0,0,0.00333333333333333,0.97
2,CVF-AE-w/o-StateAdaptiveCVF,22,20280948,299.478675594948,13.5915947,1,0,9551,4,0.1713777,511,312,10,5,0.111190463143937,0.0133333333333333,0,0,0,0.00333333333333333,0.01,0.973333333333333
2,CVF-AE-w/o-StateAdaptiveCVF,23,20280949,299.101677337198,13.6561026,1,0,9555,7,0.2893408,512,303,13,8,0.100931407455253,0.0266666666666667,0,0,0,0,0.00333333333333333,0.97
2,CVF-AE-w/o-StateAdaptiveCVF,24,20280950,296.903742186922,14.0763031,1,0,9577,19,0.7927581,512,336,35,23,0.238983822581618,0.0666666666666667,0,0,0,0,0.00666666666666667,0.926666666666667
2,CVF-AE-w/o-StateAdaptiveCVF,25,20280951,297.291360977937,14.0403722,1,0,9553,6,0.2473321,510,336,13,7,0.109453583711159,0.0233333333333333,0,0,0,0,0.00666666666666667,0.97
2,CVF-AE-w/o-StateAdaptiveCVF,26,20280952,298.882384266305,14.2978585,1,0,9565,11,0.4829141,511,309,24,20,0.163576770496585,0.0366666666666667,0,0,0,0,0.0166666666666667,0.946666666666667
2,CVF-AE-w/o-StateAdaptiveCVF,27,20280953,299.320345087014,13.9997896,1,0,9550,12,0.4198446,512,329,8,7,0.0673728434117365,0.02,0,0,0,0,0,0.98
2,CVF-AE-w/o-StateAdaptiveCVF,28,20280954,299.535580252555,13.8265322,1,0,9547,1,0.0700471,512,310,5,4,0.0499791949257717,0,0,0,0,0,0.0166666666666667,0.983333333333333
2,CVF-AE-w/o-StateAdaptiveCVF,29,20280955,307.285371201248,13.7958259,1,0,9557,8,0.3515182,511,316,16,11,0.102291629701396,0.03,0,0,0,0,0.00333333333333333,0.966666666666667
2,CVF-AE-w/o-StateAdaptiveCVF,30,20280956,304.0064034123,14.1153602,1,0,9568,13,0.5500532,512,283,26,20,0.178800341562126,0.0133333333333333,0,0,0,0,0.0366666666666667,0.95
2,CVF-AE-w/o-SparsePreservation,1,20281027,304.179617358208,9.9807149,1,0,9106,1,0.0586131,0,0,76,52,0.740005100636708,0.18,0,0,0,0.01,0.0633333333333333,0.746666666666667
2,CVF-AE-w/o-SparsePreservation,2,20281028,298.693201447118,8.6378222,1,0,9135,8,0.3441164,0,0,105,83,1.22702848163929,0.29,0,0,0,0,0.0266666666666667,0.683333333333333
2,CVF-AE-w/o-SparsePreservation,3,20281029,303.899321049887,9.9597428,1,0,9110,1,0.052209,0,0,80,62,0.688632229039059,0.12,0,0,0,0.00333333333333333,0.143333333333333,0.733333333333333
2,CVF-AE-w/o-SparsePreservation,4,20281030,306.116214465406,10.0295174,1,0,9112,6,0.2252911,0,0,82,53,1.36683913856475,0.0566666666666667,0,0,0,0,0.206666666666667,0.736666666666667
2,CVF-AE-w/o-SparsePreservation,5,20281031,302.880178424878,9.7373008,1,0,9057,4,0.202876,0,0,27,22,0.206272782913821,0.05,0,0,0,0,0.0233333333333333,0.926666666666667
2,CVF-AE-w/o-SparsePreservation,6,20281032,307.390000166368,10.0564679,1,0,9127,5,0.2045644,0,0,97,58,1.13430487783136,0.276666666666667,0,0,0,0,0.02,0.703333333333333
2,CVF-AE-w/o-SparsePreservation,7,20281033,304.339882380534,9.9893253,1,0,9131,8,0.3663204,0,0,101,53,1.10138156927047,0.293333333333333,0,0,0,0,0.00333333333333333,0.703333333333333
2,CVF-AE-w/o-SparsePreservation,8,20281034,322.871023892822,10.2171966,1,0,9152,13,0.5930253,0,0,122,94,1.51705845078707,0.336666666666667,0,0,0,0.00333333333333333,0.00333333333333333,0.656666666666667
2,CVF-AE-w/o-SparsePreservation,9,20281035,302.46932351241,9.8667009,1,0,9098,3,0.1205886,0,0,68,58,0.821655482389504,0.133333333333333,0,0,0,0.00333333333333333,0.09,0.773333333333333
2,CVF-AE-w/o-SparsePreservation,10,20281036,295.614710472061,9.4431483,1,0,9073,2,0.0682182,0,0,43,33,0.363416904038612,0.0433333333333333,0,0,0,0,0.0966666666666667,0.86
2,CVF-AE-w/o-SparsePreservation,11,20281037,303.550817902476,10.1091093,1,0,9101,5,0.228286,0,0,71,51,0.658130555567404,0.0666666666666667,0,0,0,0,0.156666666666667,0.776666666666667
2,CVF-AE-w/o-SparsePreservation,12,20281038,301.664992893053,10.1337438,1,0,9116,1,0.0467758,0,0,86,23,0.937494510226188,0.286666666666667,0,0,0,0,0,0.713333333333333
2,CVF-AE-w/o-SparsePreservation,13,20281039,299.515272236546,10.2450702,1,0,9101,7,0.3325618,0,0,71,50,0.885381400515598,0.146666666666667,0,0,0,0,0.07,0.783333333333333
2,CVF-AE-w/o-SparsePreservation,14,20281040,300.842711604439,10.1090078,1,0,9128,8,0.343027,0,0,98,67,1.2757787088472,0.26,0,0,0,0.00666666666666667,0.03,0.703333333333333
2,CVF-AE-w/o-SparsePreservation,15,20281041,297.522950412514,10.0274076,1,0,9064,9,0.3976364,0,0,34,21,0.273353187872923,0.04,0,0,0,0,0.0233333333333333,0.936666666666667
2,CVF-AE-w/o-SparsePreservation,16,20281042,300.7909650186,10.0253672,1,0,9119,3,0.1395543,0,0,89,62,1.08610427689551,0.183333333333333,0,0,0,0,0.113333333333333,0.703333333333333
2,CVF-AE-w/o-SparsePreservation,17,20281043,298.721497181046,10.0956544,1,0,9117,5,0.2102546,0,0,87,67,1.18073814434344,0.256666666666667,0,0,0,0.02,0,0.723333333333333
2,CVF-AE-w/o-SparsePreservation,18,20281044,305.262317377361,10.3931503,1,0,9137,15,0.6968592,0,0,107,85,1.12737591603715,0.126666666666667,0,0,0,0,0.15,0.723333333333333
2,CVF-AE-w/o-SparsePreservation,19,20281045,300.077180085158,10.0279884,1,0,9127,6,0.250279,0,0,97,52,1.35791565348829,0.24,0,0,0,0.00333333333333333,0.0533333333333333,0.703333333333333
2,CVF-AE-w/o-SparsePreservation,20,20281046,297.073452597702,10.069096,1,0,9106,7,0.2845895,0,0,76,46,1.04236806986852,0.173333333333333,0,0,0,0.00333333333333333,0.06,0.763333333333333
2,CVF-AE-w/o-SparsePreservation,21,20281047,301.612180591745,9.8975516,1,0,9082,7,0.2754927,0,0,52,36,0.737251739725452,0.153333333333333,0,0,0,0,0.01,0.836666666666667
2,CVF-AE-w/o-SparsePreservation,22,20281048,302.410000725382,9.9561987,1,0,9124,9,0.40067,0,0,94,55,1.11665615081261,0.183333333333333,0,0,0,0,0.0833333333333333,0.733333333333333
2,CVF-AE-w/o-SparsePreservation,23,20281049,316.256975259372,5.5265086,1,0,9074,2,0.0405458,0,0,44,26,0.660066177087036,0.113333333333333,0,0,0,0.0333333333333333,0,0.853333333333333
2,CVF-AE-w/o-SparsePreservation,24,20281050,303.109752595304,6.1761612,1,0,9091,3,0.1262484,0,0,61,43,0.648873543886876,0.176666666666667,0,0,0,0,0.02,0.803333333333333
2,CVF-AE-w/o-SparsePreservation,25,20281051,299.943734949485,5.8446081,1,0,9092,2,0.0601565,0,0,62,47,1.10470466870899,0.00333333333333333,0.00333333333333333,0,0,0.196666666666667,0.00333333333333333,0.793333333333333
2,CVF-AE-w/o-SparsePreservation,26,20281052,302.621518756506,6.1275626,1,0,9135,8,0.2236353,0,0,105,80,1.30186083358146,0.213333333333333,0,0,0,0,0.106666666666667,0.68
2,CVF-AE-w/o-SparsePreservation,27,20281053,295.583706653113,6.405658,1,0,9091,1,0.0304573,0,0,61,49,0.784270937305019,0.196666666666667,0,0,0,0,0.00666666666666667,0.796666666666667
2,CVF-AE-w/o-SparsePreservation,28,20281054,305.03469990823,6.2569018,1,0,9123,2,0.065966,0,0,93,58,1.16271573969556,0.24,0,0,0,0,0.0666666666666667,0.693333333333333
2,CVF-AE-w/o-SparsePreservation,29,20281055,296.505308381228,8.386478,1,0,9087,3,0.087209,0,0,57,30,1.06324441565898,0.00666666666666667,0,0,0,0.17,0.0133333333333333,0.81
2,CVF-AE-w/o-SparsePreservation,30,20281056,303.419958162992,10.0871015,1,0,9124,6,0.222708,0,0,94,65,1.54800136312228,0.0266666666666667,0,0,0,0.276666666666667,0.00333333333333333,0.693333333333333
2,CVF-AE-w/o-CVF,1,20281127,297.465770821251,12.225631,1,0,9356,10,0.3447655,326,174,0,0,0,0,0,0,0,0,0,1
2,CVF-AE-w/o-CVF,2,20281128,297.452841265064,12.8621085,1,0,9441,4,0.141745,411,227,0,0,0,0,0,0,0,0,0,1
2,CVF-AE-w/o-CVF,3,20281129,301.436134263721,12.0847454,1,0,9378,3,0.1168752,348,225,0,0,0,0,0,0,0,0,0,1
2,CVF-AE-w/o-CVF,4,20281130,305.287499568258,12.916748,1,0,9483,1,0.0470938,453,281,0,0,0,0,0,0,0,0,0,1
2,CVF-AE-w/o-CVF,5,20281131,298.801467045399,12.2279416,1,0,9400,11,0.3757493,370,182,0,0,0,0,0,0,0,0,0,1
2,CVF-AE-w/o-CVF,6,20281132,302.881869470791,12.2039641,1,0,9372,5,0.1674746,342,188,0,0,0,0,0,0,0,0,0,1
2,CVF-AE-w/o-CVF,7,20281133,298.156907751868,12.6245484,1,0,9401,7,0.2407962,371,215,0,0,0,0,0,0,0,0,0,1
2,CVF-AE-w/o-CVF,8,20281134,300.87683485393,12.980328,1,0,9473,9,0.3116706,443,217,0,0,0,0,0,0,0,0,0,1
2,CVF-AE-w/o-CVF,9,20281135,304.175338533288,12.4835339,1,0,9406,4,0.1585948,376,231,0,0,0,0,0,0,0,0,0,1
2,CVF-AE-w/o-CVF,10,20281136,302.23343208663,12.2338801,1,0,9401,5,0.1966986,371,186,0,0,0,0,0,0,0,0,0,1
2,CVF-AE-w/o-CVF,11,20281137,318.650778816376,13.2046494,1,0,9530,5,0.1732731,500,307,0,0,0,0,0,0,0,0,0,1
2,CVF-AE-w/o-CVF,12,20281138,301.856979779539,12.255512,1,0,9393,3,0.1064798,363,210,0,0,0,0,0,0,0,0,0,1
2,CVF-AE-w/o-CVF,13,20281139,315.054515833706,12.8788168,1,0,9477,3,0.1256887,447,265,0,0,0,0,0,0,0,0,0,1
2,CVF-AE-w/o-CVF,14,20281140,309.777355836156,13.131519,1,0,9425,0,0.0454047,395,245,0,0,0,0,0,0,0,0,0,1
2,CVF-AE-w/o-CVF,15,20281141,302.059089481382,12.5617847,1,0,9462,3,0.1256341,432,220,0,0,0,0,0,0,0,0,0,1
2,CVF-AE-w/o-CVF,16,20281142,306.21468173687,12.3302033,1,0,9401,5,0.1881766,371,196,0,0,0,0,0,0,0,0,0,1
2,CVF-AE-w/o-CVF,17,20281143,297.618874756631,12.3937382,1,0,9429,4,0.1504956,399,229,0,0,0,0,0,0,0,0,0,1
2,CVF-AE-w/o-CVF,18,20281144,303.632561784622,12.5550634,1,0,9440,9,0.3037645,410,216,0,0,0,0,0,0,0,0,0,1
2,CVF-AE-w/o-CVF,19,20281145,301.554173193628,12.3205525,1,0,9416,2,0.0812427,386,211,0,0,0,0,0,0,0,0,0,1
2,CVF-AE-w/o-CVF,20,20281146,301.304684895077,12.5491801,1,0,9446,8,0.2916159,416,206,0,0,0,0,0,0,0,0,0,1
2,CVF-AE-w/o-CVF,21,20281147,311.271562994274,12.9597377,1,0,9500,10,0.3310458,470,297,0,0,0,0,0,0,0,0,0,1
2,CVF-AE-w/o-CVF,22,20281148,300.161366547691,12.4766263,1,0,9417,7,0.2266482,387,219,0,0,0,0,0,0,0,0,0,1
2,CVF-AE-w/o-CVF,23,20281149,304.366556824294,12.1731276,1,0,9435,9,0.291772,405,219,0,0,0,0,0,0,0,0,0,1
2,CVF-AE-w/o-CVF,24,20281150,301.323214791634,11.7584575,1,0,9399,11,0.3487007,369,234,0,0,0,0,0,0,0,0,0,1
2,CVF-AE-w/o-CVF,25,20281151,301.907968478395,13.1811124,1,0,9465,4,0.1615914,435,234,0,0,0,0,0,0,0,0,0,1
2,CVF-AE-w/o-CVF,26,20281152,300.256616602123,12.7333234,1,0,9404,3,0.1266801,374,184,0,0,0,0,0,0,0,0,0,1
2,CVF-AE-w/o-CVF,27,20281153,294.724610214297,12.4865464,1,0,9370,4,0.1393106,340,181,0,0,0,0,0,0,0,0,0,1
2,CVF-AE-w/o-CVF,28,20281154,307.169125235976,13.5127936,1,0,9492,9,0.3068535,462,258,0,0,0,0,0,0,0,0,0,1
2,CVF-AE-w/o-CVF,29,20281155,305.77627365453,13.273435,1,0,9456,0,0.0657306,426,255,0,0,0,0,0,0,0,0,0,1
2,CVF-AE-w/o-CVF,30,20281156,303.258547812458,12.6457966,1,0,9402,8,0.2826913,372,196,0,0,0,0,0,0,0,0,0,1
2,CVF-AE,1,20281227,303.258556937045,12.7234892,1,0,9484,6,0.2522745,366,217,88,69,1.2419191760913,0.226666666666667,0,0,0,0,0.0466666666666667,0.726666666666667
2,CVF-AE,2,20281228,295.634185292453,8.0453813,1,0,9460,13,0.5788109,355,214,75,54,0.677888912553696,0.0366666666666667,0.01,0,0,0,0.126666666666667,0.826666666666667
2,CVF-AE,3,20281229,294.553859007843,6.8769513,1,0,9450,6,0.2061646,325,189,95,61,0.826381752589863,0.166666666666667,0,0,0,0,0.113333333333333,0.72
2,CVF-AE,4,20281230,300.005493771715,6.3138643,1,0,9531,7,0.145514,405,246,96,62,1.45807755500303,0.0933333333333333,0,0,0,0.17,0.0366666666666667,0.7
2,CVF-AE,5,20281231,305.679568594557,6.5574515,1,0,9513,7,0.173017,388,274,95,62,1.05100942673424,0.243333333333333,0,0,0,0,0.03,0.726666666666667
2,CVF-AE,6,20281232,298.279425972151,6.6878735,1,0,9467,6,0.1369204,373,182,64,55,0.612248625878094,0.1,0.03,0,0,0.01,0.0466666666666667,0.813333333333333
2,CVF-AE,7,20281233,310.347005111048,6.9709237,1,0,9621,7,0.1752739,477,276,114,79,1.34878264055311,0.263333333333333,0,0,0,0.0133333333333333,0.0633333333333333,0.66
2,CVF-AE,8,20281234,299.651329902002,7.6753049,1,0,9491,5,0.1448747,371,195,90,59,1.03836359068593,0.27,0,0,0,0.00333333333333333,0.01,0.716666666666667
2,CVF-AE,9,20281235,298.844873269376,9.0403677,1,0,9501,0,0.0273472,386,205,85,54,1.42088463968729,0.253333333333333,0,0,0,0,0.03,0.716666666666667
2,CVF-AE,10,20281236,299.151577968435,12.3668403,1,0,9421,3,0.1390651,358,190,33,17,0.459362040784284,0.0966666666666667,0,0,0,0.0133333333333333,0,0.89
2,CVF-AE,11,20281237,300.338635643321,12.7591866,1,0,9457,4,0.1887124,343,197,84,63,0.991768680744477,0.186666666666667,0,0,0,0.01,0.07,0.733333333333333
2,CVF-AE,12,20281238,297.965789180833,13.0304242,1,0,9518,7,0.3239884,390,205,98,72,0.985251218791801,0.08,0,0,0,0,0.213333333333333,0.706666666666667
2,CVF-AE,13,20281239,307.349845019804,13.0076505,1,0,9540,3,0.1152852,429,292,81,60,1.19179950175504,0.26,0,0,0,0,0.01,0.73
2,CVF-AE,14,20281240,303.844222957373,12.7676097,1,0,9501,11,0.4614497,398,261,73,55,0.650898853544192,0.0366666666666667,0,0,0,0,0.146666666666667,0.816666666666667
2,CVF-AE,15,20281241,302.891921011808,8.2479645,1,0,9567,5,0.2345807,434,236,103,65,1.67415032101693,0.303333333333333,0,0,0,0,0.02,0.676666666666667
2,CVF-AE,16,20281242,305.198804999105,6.5532585,1,0,9478,18,0.5182344,324,175,124,86,0.637075343841847,0.28,0,0,0,0,0.02,0.7
2,CVF-AE,17,20281243,313.677877343527,12.9755363,1,0,9558,0,0.0254923,431,254,97,62,1.28176826212318,0.223333333333333,0,0,0,0.00333333333333333,0.0966666666666667,0.676666666666667
2,CVF-AE,18,20281244,314.961390813989,14.0352967,1,0,9637,5,0.2143798,504,371,103,73,1.47008416197353,0.26,0,0,0,0.0333333333333333,0.03,0.676666666666667
2,CVF-AE,19,20281245,308.507360412081,12.9135504,1,0,9559,13,0.5829821,413,237,116,83,1.12167722178473,0.296666666666667,0,0,0,0,0.02,0.683333333333333
2,CVF-AE,20,20281246,302.916676648312,8.9091202,1,0,9527,7,0.3154383,395,219,102,81,1.21558687979981,0.266666666666667,0,0,0,0,0.0466666666666667,0.686666666666667
2,CVF-AE,21,20281247,300.40101908598,7.4434818,1,0,9406,3,0.0933918,307,190,69,43,0.743215229006778,0.203333333333333,0,0,0,0,0.02,0.776666666666667
2,CVF-AE,22,20281248,305.153851409292,7.7030037,1,0,9567,0,0.032474,446,260,91,57,1.09414758520515,0.286666666666667,0,0,0.0133333333333333,0.00333333333333333,0,0.696666666666667
2,CVF-AE,23,20281249,303.185947022498,7.5668906,1,0,9474,12,0.3656749,399,213,45,34,0.269947136277013,0.07,0,0,0,0,0.02,0.91
2,CVF-AE,24,20281250,306.740745581783,8.0088106,1,0,9535,2,0.0694016,461,238,44,31,0.479878029279169,0.14,0,0,0,0,0.00666666666666667,0.853333333333333
2,CVF-AE,25,20281251,298.920425151038,8.5981759,1,0,9451,7,0.172486,335,208,86,59,0.920015160110372,0.24,0,0,0,0.0166666666666667,0,0.743333333333333
2,CVF-AE,26,20281252,306.305828102613,9.7809047,1,0,9529,0,0.0292774,413,259,86,58,0.977236264544046,0.28,0,0,0,0,0.00666666666666667,0.713333333333333
2,CVF-AE,27,20281253,299.668771143241,11.9077634,1,0,9550,6,0.3053563,416,194,104,79,1.17276688455677,0.15,0,0,0,0.153333333333333,0.01,0.686666666666667
2,CVF-AE,28,20281254,307.598128284382,13.0334976,1,0,9558,1,0.0647591,434,251,94,77,1.18457525221792,0.256666666666667,0,0,0,0,0.0566666666666667,0.686666666666667
2,CVF-AE,29,20281255,302.987659778861,13.634149,1,0,9565,3,0.1287732,452,292,83,55,1.05704782028448,0.266666666666667,0,0,0,0.00333333333333333,0,0.73
2,CVF-AE,30,20281256,302.304123691714,13.8093752,1,0,9556,11,0.5147457,454,248,72,53,0.860272703111943,0.11,0,0,0,0,0.0833333333333333,0.806666666666667
4,Base-AE,1,20300727,1667.40396134484,9.0945941,0,8,9030,NaN,NaN,NaN,NaN,0,0,NaN,0,0,0,0,0,0,1
4,Base-AE,2,20300728,1837.78883200519,9.5479411,0,8,9030,NaN,NaN,NaN,NaN,0,0,NaN,0,0,0,0,0,0,1
4,Base-AE,3,20300729,2047.10064116923,9.6449454,0,9,9030,NaN,NaN,NaN,NaN,0,0,NaN,0,0,0,0,0,0,1
4,Base-AE,4,20300730,1639.20844906473,9.3562851,0,7,9030,NaN,NaN,NaN,NaN,0,0,NaN,0,0,0,0,0,0,1
4,Base-AE,5,20300731,1527.12895507969,9.2547694,0,7,9030,NaN,NaN,NaN,NaN,0,0,NaN,0,0,0,0,0,0,1
4,Base-AE,6,20300732,1549.90696491613,9.1423301,0,7,9030,NaN,NaN,NaN,NaN,0,0,NaN,0,0,0,0,0,0,1
4,Base-AE,7,20300733,1563.23558079344,9.4448297,0,7,9030,NaN,NaN,NaN,NaN,0,0,NaN,0,0,0,0,0,0,1
4,Base-AE,8,20300734,1574.86111793752,6.7838655,0,7,9030,NaN,NaN,NaN,NaN,0,0,NaN,0,0,0,0,0,0,1
4,Base-AE,9,20300735,1845.94370877551,5.8491583,0,9,9030,NaN,NaN,NaN,NaN,0,0,NaN,0,0,0,0,0,0,1
4,Base-AE,10,20300736,1435.27297919022,6.03176,0,6,9030,NaN,NaN,NaN,NaN,0,0,NaN,0,0,0,0,0,0,1
4,Base-AE,11,20300737,1830.19422106112,5.7200967,0,8,9030,NaN,NaN,NaN,NaN,0,0,NaN,0,0,0,0,0,0,1
4,Base-AE,12,20300738,1745.6026265405,5.9878143,0,9,9030,NaN,NaN,NaN,NaN,0,0,NaN,0,0,0,0,0,0,1
4,Base-AE,13,20300739,1542.33150609612,8.7079589,0,7,9030,NaN,NaN,NaN,NaN,0,0,NaN,0,0,0,0,0,0,1
4,Base-AE,14,20300740,1525.02266378856,9.4229809,0,7,9030,NaN,NaN,NaN,NaN,0,0,NaN,0,0,0,0,0,0,1
4,Base-AE,15,20300741,1578.93433560828,9.3545762,0,7,9030,NaN,NaN,NaN,NaN,0,0,NaN,0,0,0,0,0,0,1
4,Base-AE,16,20300742,1601.57343413622,9.385585,0,7,9030,NaN,NaN,NaN,NaN,0,0,NaN,0,0,0,0,0,0,1
4,Base-AE,17,20300743,1651.39121971062,9.4644017,0,8,9030,NaN,NaN,NaN,NaN,0,0,NaN,0,0,0,0,0,0,1
4,Base-AE,18,20300744,1640.91744409459,9.3441915,0,7,9030,NaN,NaN,NaN,NaN,0,0,NaN,0,0,0,0,0,0,1
4,Base-AE,19,20300745,1223.20735554277,9.4577545,0,5,9030,NaN,NaN,NaN,NaN,0,0,NaN,0,0,0,0,0,0,1
4,Base-AE,20,20300746,2250.05999102424,9.5567689,0,11,9030,NaN,NaN,NaN,NaN,0,0,NaN,0,0,0,0,0,0,1
4,Base-AE,21,20300747,1319.39673782232,9.5175478,0,5,9030,NaN,NaN,NaN,NaN,0,0,NaN,0,0,0,0,0,0,1
4,Base-AE,22,20300748,1768.43528505512,9.5067661,0,9,9030,NaN,NaN,NaN,NaN,0,0,NaN,0,0,0,0,0,0,1
4,Base-AE,23,20300749,1535.09702143269,9.4361433,0,7,9030,NaN,NaN,NaN,NaN,0,0,NaN,0,0,0,0,0,0,1
4,Base-AE,24,20300750,1643.84670581971,9.6009789,0,8,9030,NaN,NaN,NaN,NaN,0,0,NaN,0,0,0,0,0,0,1
4,Base-AE,25,20300751,1568.59975047175,9.4429068,0,7,9030,NaN,NaN,NaN,NaN,0,0,NaN,0,0,0,0,0,0,1
4,Base-AE,26,20300752,1581.06362526665,9.5207915,0,7,9030,NaN,NaN,NaN,NaN,0,0,NaN,0,0,0,0,0,0,1
4,Base-AE,27,20300753,1821.33757557673,9.4849458,0,9.17510804653808,9030,NaN,NaN,NaN,NaN,0,0,NaN,0,0,0,0,0,0,1
4,Base-AE,28,20300754,1499.60576335859,9.2049616,0,7,9030,NaN,NaN,NaN,NaN,0,0,NaN,0,0,0,0,0,0,1
4,Base-AE,29,20300755,1809.37408201655,9.6480195,0,8,9030,NaN,NaN,NaN,NaN,0,0,NaN,0,0,0,0,0,0,1
4,Base-AE,30,20300756,1568.57735077796,9.7198859,0,7,9030,NaN,NaN,NaN,NaN,0,0,NaN,0,0,0,0,0,0,1
4,CVF-AE-w/o-Init,1,20300827,349.0176043406,16.2709966,1,0,9616,85,4.5319572,372,199,214,177,1.65267607327141,0.466666666666667,0,0,0,0,0,0.533333333333333
4,CVF-AE-w/o-Init,2,20300828,1085.04229516329,16.0109926,0,4,10027,NaN,NaN,334,137,663,512,3.90228691668694,0.99,0,0,0,0,0,0.01
4,CVF-AE-w/o-Init,3,20300829,1097.96545546964,8.955795,0,4,10087,NaN,NaN,403,159,654,526,4.3188743326407,0.993333333333333,0,0,0,0,0,0.00666666666666667
4,CVF-AE-w/o-Init,4,20300830,323.463465734722,7.7442226,1,0,9645,94,2.3883118,351,225,264,216,1.8992697284821,0.51,0,0,0,0,0,0.49
4,CVF-AE-w/o-Init,5,20300831,322.093214104667,12.6121558,1,0,9690,104,2.7926634,384,234,276,227,1.83600729398955,0.473333333333333,0,0,0,0,0,0.526666666666667
4,CVF-AE-w/o-Init,6,20300832,321.401422853913,15.6835043,1,0,9591,77,4.1880412,344,200,217,186,2.00890682010178,0.46,0,0,0,0,0,0.54
4,CVF-AE-w/o-Init,7,20300833,357.743039029795,17.0176712,1,0,9795,197,11.4353937,357,176,408,334,2.95148991807121,0.733333333333333,0,0,0,0,0,0.266666666666667
4,CVF-AE-w/o-Init,8,20300834,1249.44155483804,18.1743919,0,5,10031,NaN,NaN,376,171,625,517,3.89195135037187,0.956666666666667,0,0,0,0,0,0.0433333333333333
4,CVF-AE-w/o-Init,9,20300835,357.211179463047,17.2845693,1,0,9797,124,7.5681624,419,264,348,297,2.10915720492673,0.596666666666667,0,0,0,0,0,0.403333333333333
4,CVF-AE-w/o-Init,10,20300836,374.724087151198,15.7759271,1,0,9596,72,3.662397,377,257,189,159,1.67183036745518,0.41,0,0,0,0,0,0.59
4,CVF-AE-w/o-Init,11,20300837,1099.62778588242,17.2417456,0,5,9865,NaN,NaN,250,113,585,445,3.5229114654105,0.93,0,0,0,0,0,0.07
4,CVF-AE-w/o-Init,12,20300838,334.682734450626,16.307517,1,0,9732,112,6.2266085,381,244,321,251,1.99166969312891,0.53,0,0,0,0,0,0.47
4,CVF-AE-w/o-Init,13,20300839,323.915517076855,15.5292907,1,0,9631,80,4.1899008,353,196,248,178,2.35187009334973,0.51,0,0,0,0,0,0.49
4,CVF-AE-w/o-Init,14,20300840,324.355134417174,16.066603,1,0,9684,121,6.4662332,344,177,310,237,1.93826318125444,0.566666666666667,0,0,0,0,0,0.433333333333333
4,CVF-AE-w/o-Init,15,20300841,327.648445050474,16.1615435,1,0,9726,126,7.2610539,359,188,337,272,2.31115651779986,0.58,0,0,0.02,0,0,0.4
4,CVF-AE-w/o-Init,16,20300842,324.403662383524,14.827158,1,0,9564,63,2.8958457,366,178,168,128,1.40267159965203,0.396666666666667,0,0,0,0,0,0.603333333333333
4,CVF-AE-w/o-Init,17,20300843,1100.45548540595,17.3027893,0,4,9913,NaN,NaN,242,87,641,489,3.52316996850434,0.973333333333333,0,0,0,0,0,0.0266666666666667
4,CVF-AE-w/o-Init,18,20300844,1039.92198433777,17.2806659,0,3,9909,NaN,NaN,288,129,591,501,3.71813852359434,0.9,0,0,0,0,0,0.1
4,CVF-AE-w/o-Init,19,20300845,319.778433098842,16.3536645,1,0,9711,149,7.9147236,365,230,316,250,1.84371554310783,0.473333333333333,0,0,0.00333333333333333,0,0,0.523333333333333
4,CVF-AE-w/o-Init,20,20300846,321.629411697919,15.1957945,1,0,9589,59,2.945895,364,209,195,174,1.47955944032887,0.406666666666667,0,0,0,0,0,0.593333333333333
4,CVF-AE-w/o-Init,21,20300847,337.754319275449,16.9426951,1,0,9859,186,10.8741177,377,204,452,366,2.64688036983402,0.706666666666667,0,0,0.0133333333333333,0,0,0.28
4,CVF-AE-w/o-Init,22,20300848,334.081543851899,16.9302295,1,0,9796,195,10.9259999,338,164,428,335,2.30805306686395,0.636666666666667,0,0,0.0166666666666667,0,0,0.346666666666667
4,CVF-AE-w/o-Init,23,20300849,1060.04319474921,18.7406486,0,4,9992,NaN,NaN,282,138,680,491,4.37221299655631,1,0,0,0,0,0,0
4,CVF-AE-w/o-Init,24,20300850,1029.20241351145,17.9820605,0,3,10023,NaN,NaN,376,146,617,504,3.9070252306567,0.996666666666667,0,0,0,0,0,0.00333333333333333
4,CVF-AE-w/o-Init,25,20300851,1082.83908561202,17.4631136,0,4,9954,NaN,NaN,307,152,617,475,3.4167725354409,0.953333333333333,0,0,0,0,0,0.0466666666666667
4,CVF-AE-w/o-Init,26,20300852,328.506770776099,15.4952469,1,0,9657,106,5.5772159,309,158,318,262,2.03442506209871,0.553333333333333,0,0,0,0,0,0.446666666666667
4,CVF-AE-w/o-Init,27,20300853,336.557169370303,18.9995126,1,0,10119,280,17.8635887,413,214,676,541,3.02557895632803,0.92,0,0,0,0,0,0.08
4,CVF-AE-w/o-Init,28,20300854,1124.57164526773,18.0653296,0,4,10010,NaN,NaN,344,191,636,513,4.21310716332207,0.993333333333333,0,0,0,0,0,0.00666666666666667
4,CVF-AE-w/o-Init,29,20300855,312.845912143409,16.4307849,1,0,9747,128,7.0385358,404,223,313,239,2.2487756512992,0.53,0,0,0,0,0.0433333333333333,0.426666666666667
4,CVF-AE-w/o-Init,30,20300856,316.001304550936,16.5096639,1,0,9796,170,9.3385999,381,222,385,328,2.45930479408242,0.636666666666667,0,0,0,0,0,0.363333333333333
4,CVF-AE-w/o-StateAdaptiveCVF,1,20300927,328.205529283392,14.5430278,1,0,9469,0,0.0493215,382,238,57,36,0.756004244137992,0.19,0,0,0,0,0,0.81
4,CVF-AE-w/o-StateAdaptiveCVF,2,20300928,336.251163112721,12.1984888,1,0,9279,0,0.0454652,159,67,90,57,0.887460932555069,0.3,0,0,0,0,0,0.7
4,CVF-AE-w/o-StateAdaptiveCVF,3,20300929,391.16087808174,11.3784035,1,0,9193,0,0.0426186,80,41,83,57,0.87466835496403,0.276666666666667,0,0,0,0,0,0.723333333333333
4,CVF-AE-w/o-StateAdaptiveCVF,4,20300930,328.3107524786,14.4040934,1,0,9457,0,0.0429851,379,206,48,28,0.578872378913974,0.16,0,0,0,0,0,0.84
4,CVF-AE-w/o-StateAdaptiveCVF,5,20300931,393.548085160983,11.2478758,1,0,9197,0,0.0426542,91,41,76,44,1.00199602531605,0.253333333333333,0,0,0,0,0,0.746666666666667
4,CVF-AE-w/o-StateAdaptiveCVF,6,20300932,389.57276684171,11.6184097,1,0,9231,0,0.0450516,116,61,85,45,0.705824441633551,0.283333333333333,0,0,0,0,0,0.716666666666667
4,CVF-AE-w/o-StateAdaptiveCVF,7,20300933,320.287218542527,14.6945567,1,0,9500,0,0.04402,428,253,42,35,0.422288320380907,0.14,0,0,0,0,0,0.86
4,CVF-AE-w/o-StateAdaptiveCVF,8,20300934,324.872273739245,14.5253555,1,0,9490,0,0.042618,412,234,48,33,0.507245814654222,0.16,0,0,0,0,0,0.84
4,CVF-AE-w/o-StateAdaptiveCVF,9,20300935,391.672935073013,11.4355193,1,0,9208,0,0.042769,104,63,74,43,0.683918748992702,0.246666666666667,0,0,0,0,0,0.753333333333333
4,CVF-AE-w/o-StateAdaptiveCVF,10,20300936,390.124908616642,11.3293591,1,0,9211,0,0.0424237,86,39,95,62,0.626440040869975,0.316666666666667,0,0,0,0,0,0.683333333333333
4,CVF-AE-w/o-StateAdaptiveCVF,11,20300937,323.786405889877,14.0176852,1,0,9446,0,0.0421701,378,230,38,28,0.389775677938611,0.126666666666667,0,0,0,0,0,0.873333333333333
4,CVF-AE-w/o-StateAdaptiveCVF,12,20300938,324.488607677959,13.9593799,1,0,9412,0,0.0420797,328,198,54,31,0.485195905138978,0.18,0,0,0,0,0,0.82
4,CVF-AE-w/o-StateAdaptiveCVF,13,20300939,396.406062491036,11.4816117,1,0,9209,0,0.0412535,86,41,93,49,0.792205458767678,0.31,0,0,0,0,0,0.69
4,CVF-AE-w/o-StateAdaptiveCVF,14,20300940,393.795202721885,11.3982217,1,0,9210,0,0.0445858,90,46,90,58,0.770638358451676,0.3,0,0,0,0,0,0.7
4,CVF-AE-w/o-StateAdaptiveCVF,15,20300941,322.077843209931,14.8595308,1,0,9507,0,0.0426462,435,247,42,33,0.56023754049271,0.126666666666667,0,0,0,0,0.0133333333333333,0.86
4,CVF-AE-w/o-StateAdaptiveCVF,16,20300942,387.954434675994,12.0713737,1,0,9247,0,0.0423834,120,63,97,53,1.11724618979519,0.323333333333333,0,0,0,0,0,0.676666666666667
4,CVF-AE-w/o-StateAdaptiveCVF,17,20300943,401.847842592651,11.6463749,1,0,9210,0,0.0429065,94,50,86,50,0.750630249608318,0.286666666666667,0,0,0,0,0,0.713333333333333
4,CVF-AE-w/o-StateAdaptiveCVF,18,20300944,391.349246782403,11.5909526,1,0,9217,0,0.0416392,92,40,95,60,1.10134082546219,0.316666666666667,0,0,0,0,0,0.683333333333333
4,CVF-AE-w/o-StateAdaptiveCVF,19,20300945,385.022366600976,11.4730481,1,0,9200,0,0.0434061,72,34,98,49,1.22263783819307,0.326666666666667,0,0,0,0,0,0.673333333333333
4,CVF-AE-w/o-StateAdaptiveCVF,20,20300946,321.395854538936,14.9846277,1,0,9494,0,0.0431894,420,285,44,32,0.552509408323468,0.143333333333333,0,0,0,0,0.00333333333333333,0.853333333333333
4,CVF-AE-w/o-StateAdaptiveCVF,21,20300947,332.522622395673,13.9740315,1,0,9440,0,0.0432608,348,204,62,48,0.834161464955133,0.206666666666667,0,0,0,0,0,0.793333333333333
4,CVF-AE-w/o-StateAdaptiveCVF,22,20300948,319.37965079282,13.1964913,1,0,9471,0,0.0439157,411,278,30,16,0.297124203733607,0.1,0,0,0,0,0,0.9
4,CVF-AE-w/o-StateAdaptiveCVF,23,20300949,395.326720280524,11.1917613,1,0,9181,0,0.0443219,67,44,84,48,0.495671701681052,0.28,0,0,0,0,0,0.72
4,CVF-AE-w/o-StateAdaptiveCVF,24,20300950,395.848720852924,11.2648494,1,0,9182,0,0.041376,72,41,80,61,1.37541656533899,0.266666666666667,0,0,0,0,0,0.733333333333333
4,CVF-AE-w/o-StateAdaptiveCVF,25,20300951,328.776883745596,14.8329319,1,0,9517,0,0.0434209,445,239,42,31,0.409837856857915,0.14,0,0,0,0,0,0.86
4,CVF-AE-w/o-StateAdaptiveCVF,26,20300952,390.360639064911,11.1757084,1,0,9203,0,0.0424667,75,42,98,62,1.35325138892156,0.326666666666667,0,0,0,0,0,0.673333333333333
4,CVF-AE-w/o-StateAdaptiveCVF,27,20300953,334.698613870519,12.2515757,1,0,9303,0,0.0423227,176,54,97,56,0.836899122596839,0.323333333333333,0,0,0,0,0,0.676666666666667
4,CVF-AE-w/o-StateAdaptiveCVF,28,20300954,319.790556875046,14.8706818,1,0,9503,0,0.0412635,427,267,46,29,0.466893348400625,0.153333333333333,0,0,0,0,0,0.846666666666667
4,CVF-AE-w/o-StateAdaptiveCVF,29,20300955,318.729082826949,14.5239616,1,0,9481,0,0.0421136,398,234,53,44,0.673087361827961,0.176666666666667,0,0,0,0,0,0.823333333333333
4,CVF-AE-w/o-StateAdaptiveCVF,30,20300956,399.311822013046,11.5158745,1,0,9215,0,0.0418497,98,34,87,58,0.771021527698907,0.29,0,0,0,0,0,0.71
4,CVF-AE-w/o-SparsePreservation,1,20301027,365.311440034342,10.5875235,1,0,9127,0,0.0428069,0,0,97,66,0.980522808394529,0.323333333333333,0,0,0,0,0,0.676666666666667
4,CVF-AE-w/o-SparsePreservation,2,20301028,375.419307968787,10.4864369,1,0,9117,0,0.0415224,0,0,87,53,1.08597826597737,0.286666666666667,0,0,0,0,0.00333333333333333,0.71
4,CVF-AE-w/o-SparsePreservation,3,20301029,340.799838506208,10.505453,1,0,9129,0,0.0425805,0,0,99,71,1.33634046304888,0.33,0,0,0,0,0,0.67
4,CVF-AE-w/o-SparsePreservation,4,20301030,392.765938604665,10.5804666,1,0,9118,0,0.0430063,0,0,88,58,1.21335795113696,0.136666666666667,0,0,0,0,0.156666666666667,0.706666666666667
4,CVF-AE-w/o-SparsePreservation,5,20301031,350.434213119914,10.6240268,1,0,9121,0,0.0417631,0,0,91,56,1.20123740129548,0.283333333333333,0,0,0,0,0.02,0.696666666666667
4,CVF-AE-w/o-SparsePreservation,6,20301032,368.722279066081,10.6197767,1,0,9118,0,0.044375,0,0,88,59,1.29612374611784,0.293333333333333,0,0,0,0,0,0.706666666666667
4,CVF-AE-w/o-SparsePreservation,7,20301033,385.791982837515,10.4502802,1,0,9124,0,0.0432518,0,0,94,55,0.899227579131476,0.0766666666666667,0,0,0,0,0.236666666666667,0.686666666666667
4,CVF-AE-w/o-SparsePreservation,8,20301034,375.331853154616,10.5153194,1,0,9125,0,0.0436536,0,0,95,55,0.897148251889613,0.316666666666667,0,0,0,0,0,0.683333333333333
4,CVF-AE-w/o-SparsePreservation,9,20301035,396.016314382015,10.5482038,1,0,9114,0,0.0427948,0,0,84,53,0.947660572806632,0.28,0,0,0,0,0,0.72
4,CVF-AE-w/o-SparsePreservation,10,20301036,388.842553321612,10.5222734,1,0,9112,0,0.0445895,0,0,82,51,1.06695554292865,0.26,0,0,0,0,0.0133333333333333,0.726666666666667
4,CVF-AE-w/o-SparsePreservation,11,20301037,356.993462734469,10.6791647,1,0,9128,0,0.0427065,0,0,98,68,1.15863422335842,0.29,0,0,0,0,0.0366666666666667,0.673333333333333
4,CVF-AE-w/o-SparsePreservation,12,20301038,376.746303738141,10.5045172,1,0,9118,0,0.0415029,0,0,88,57,1.21895603132774,0.253333333333333,0,0,0,0,0.04,0.706666666666667
4,CVF-AE-w/o-SparsePreservation,13,20301039,397.954657879234,10.4822336,1,0,9122,0,0.0429427,0,0,92,45,1.09943519262026,0.293333333333333,0,0,0,0,0.0133333333333333,0.693333333333333
4,CVF-AE-w/o-SparsePreservation,14,20301040,338.013931693983,10.4679602,1,0,9103,0,0.0412278,0,0,73,52,1.07470052252816,0.243333333333333,0,0,0,0,0,0.756666666666667
4,CVF-AE-w/o-SparsePreservation,15,20301041,338.628977830906,10.4038242,1,0,9117,0,0.0429125,0,0,87,67,0.865134167539395,0.29,0,0,0,0,0,0.71
4,CVF-AE-w/o-SparsePreservation,16,20301042,386.180456588617,10.3015013,1,0,9101,0,0.0430861,0,0,71,42,0.786379366194587,0.236666666666667,0,0,0,0,0,0.763333333333333
4,CVF-AE-w/o-SparsePreservation,17,20301043,390.445131815555,10.4703934,1,0,9116,0,0.0443406,0,0,86,53,0.870522784080271,0.286666666666667,0,0,0,0,0,0.713333333333333
4,CVF-AE-w/o-SparsePreservation,18,20301044,396.832719744291,10.1678092,1,0,9125,0,0.0473712,0,0,95,66,0.978954944109197,0.316666666666667,0,0,0,0,0,0.683333333333333
4,CVF-AE-w/o-SparsePreservation,19,20301045,378.852569855822,9.9546073,1,0,9124,0,0.0413297,0,0,94,64,0.911200714585162,0.286666666666667,0,0,0,0,0.0266666666666667,0.686666666666667
4,CVF-AE-w/o-SparsePreservation,20,20301046,349.227372409213,9.9612426,1,0,9126,0,0.0419214,0,0,96,66,1.04288216097996,0.32,0,0,0,0,0,0.68
4,CVF-AE-w/o-SparsePreservation,21,20301047,380.250768005936,10.2712011,1,0,9128,0,0.0405378,0,0,98,71,1.30476033926364,0.326666666666667,0,0,0,0,0,0.673333333333333
4,CVF-AE-w/o-SparsePreservation,22,20301048,392.312431593308,10.3258825,1,0,9125,0,0.0408793,0,0,95,67,1.01078931246795,0.316666666666667,0,0,0,0,0,0.683333333333333
4,CVF-AE-w/o-SparsePreservation,23,20301049,334.440713353088,10.3569509,1,0,9113,0,0.0419489,0,0,83,54,1.1872567853557,0.276666666666667,0,0,0,0,0,0.723333333333333
4,CVF-AE-w/o-SparsePreservation,24,20301050,377.448986833549,10.477712,1,0,9114,0,0.0418809,0,0,84,46,1.17423606751007,0.0566666666666667,0,0,0,0,0.223333333333333,0.72
4,CVF-AE-w/o-SparsePreservation,25,20301051,356.131343454868,10.2840121,1,0,9116,0,0.0435511,0,0,86,60,0.758974941697196,0.286666666666667,0,0,0,0,0,0.713333333333333
4,CVF-AE-w/o-SparsePreservation,26,20301052,371.145069021272,9.9991025,1,0,9120,0,0.0413868,0,0,90,54,1.27335332636843,0.3,0,0,0,0,0,0.7
4,CVF-AE-w/o-SparsePreservation,27,20301053,332.16442245328,10.1659391,1,0,9128,0,0.0417845,0,0,98,61,1.30202310706591,0.326666666666667,0,0,0,0,0,0.673333333333333
4,CVF-AE-w/o-SparsePreservation,28,20301054,362.588475847292,10.6212862,1,0,9117,0,0.0424042,0,0,87,60,1.01524529735605,0.29,0,0,0,0,0,0.71
4,CVF-AE-w/o-SparsePreservation,29,20301055,372.268864569614,10.3012389,1,0,9111,0,0.041189,0,0,81,38,0.976172254265355,0.136666666666667,0,0,0,0,0.133333333333333,0.73
4,CVF-AE-w/o-SparsePreservation,30,20301056,363.258438094531,10.4828634,1,0,9118,0,0.0581415,0,0,88,49,1.37196676851137,0.14,0,0,0,0,0.153333333333333,0.706666666666667
4,CVF-AE-w/o-CVF,1,20301127,374.149288743473,11.8125133,1,0,9212,0,0.0418028,182,130,0,0,0,0,0,0,0,0,0,1
4,CVF-AE-w/o-CVF,2,20301128,362.901475775481,11.7131133,1,0,9206,0,0.0417562,176,120,0,0,0,0,0,0,0,0,0,1
4,CVF-AE-w/o-CVF,3,20301129,351.578207304814,12.0838242,1,0,9242,0,0.0421485,212,154,0,0,0,0,0,0,0,0,0,1
4,CVF-AE-w/o-CVF,4,20301130,355.312776758985,12.4774055,1,0,9270,0,0.0466001,240,122,0,0,0,0,0,0,0,0,0,1
4,CVF-AE-w/o-CVF,5,20301131,322.411307125344,12.7562802,1,0,9307,0,0.042875,277,144,0,0,0,0,0,0,0,0,0,1
4,CVF-AE-w/o-CVF,6,20301132,336.79573686064,12.3956764,1,0,9271,0,0.0448058,241,146,0,0,0,0,0,0,0,0,0,1
4,CVF-AE-w/o-CVF,7,20301133,341.366773399814,12.2285581,1,0,9279,0,0.0430894,249,199,0,0,0,0,0,0,0,0,0,1
4,CVF-AE-w/o-CVF,8,20301134,331.042483395333,12.4775652,1,0,9290,0,0.0424047,260,140,0,0,0,0,0,0,0,0,0,1
4,CVF-AE-w/o-CVF,9,20301135,378.379779264905,11.7843922,1,0,9225,0,0.0436859,195,157,0,0,0,0,0,0,0,0,0,1
4,CVF-AE-w/o-CVF,10,20301136,374.85891268096,11.7800232,1,0,9222,0,0.0423447,192,132,0,0,0,0,0,0,0,0,0,1
4,CVF-AE-w/o-CVF,11,20301137,346.10675832886,12.2001127,1,0,9253,0,0.0547371,223,120,0,0,0,0,0,0,0,0,0,1
4,CVF-AE-w/o-CVF,12,20301138,344.393241679767,12.5063954,1,0,9273,0,0.0435518,243,176,0,0,0,0,0,0,0,0,0,1
4,CVF-AE-w/o-CVF,13,20301139,376.572185845365,12.2024153,1,0,9239,0,0.0414101,209,180,0,0,0,0,0,0,0,0,0,1
4,CVF-AE-w/o-CVF,14,20301140,372.467193399666,11.9399827,1,0,9212,0,0.0415556,182,118,0,0,0,0,0,0,0,0,0,1
4,CVF-AE-w/o-CVF,15,20301141,380.843689393035,12.7418856,1,0,9292,0,0.041844,262,206,0,0,0,0,0,0,0,0,0,1
4,CVF-AE-w/o-CVF,16,20301142,401.410949310756,12.0594764,1,0,9224,0,0.0434673,194,130,0,0,0,0,0,0,0,0,0,1
4,CVF-AE-w/o-CVF,17,20301143,336.118798592702,11.8003428,1,0,9200,0,0.0463653,170,121,0,0,0,0,0,0,0,0,0,1
4,CVF-AE-w/o-CVF,18,20301144,349.246282654594,12.4690785,1,0,9256,0,0.0442863,226,169,0,0,0,0,0,0,0,0,0,1
4,CVF-AE-w/o-CVF,19,20301145,383.365891267156,12.210183,1,0,9232,0,0.0415712,202,132,0,0,0,0,0,0,0,0,0,1
4,CVF-AE-w/o-CVF,20,20301146,341.619498049351,12.622256,1,0,9276,0,0.0428576,246,183,0,0,0,0,0,0,0,0,0,1
4,CVF-AE-w/o-CVF,21,20301147,329.316225846928,12.6802204,1,0,9273,0,0.0415184,243,133,0,0,0,0,0,0,0,0,0,1
4,CVF-AE-w/o-CVF,22,20301148,339.293804365664,12.8900796,1,0,9273,0,0.0410092,243,145,0,0,0,0,0,0,0,0,0,1
4,CVF-AE-w/o-CVF,23,20301149,339.19058375701,13.08033,1,0,9296,0,0.0437292,266,170,0,0,0,0,0,0,0,0,0,1
4,CVF-AE-w/o-CVF,24,20301150,379.875768369542,12.0952889,1,0,9228,0,0.0415096,198,128,0,0,0,0,0,0,0,0,0,1
4,CVF-AE-w/o-CVF,25,20301151,349.578132478559,12.5464534,1,0,9265,0,0.0407316,235,159,0,0,0,0,0,0,0,0,0,1
4,CVF-AE-w/o-CVF,26,20301152,382.813702248072,12.0472773,1,0,9224,0,0.0417028,194,121,0,0,0,0,0,0,0,0,0,1
4,CVF-AE-w/o-CVF,27,20301153,350.368372575058,12.4291105,1,0,9266,0,0.0423939,236,177,0,0,0,0,0,0,0,0,0,1
4,CVF-AE-w/o-CVF,28,20301154,328.293449851754,11.9954904,1,0,9234,0,0.0429397,204,122,0,0,0,0,0,0,0,0,0,1
4,CVF-AE-w/o-CVF,29,20301155,355.765064174867,12.2134885,1,0,9237,0,0.042057,207,138,0,0,0,0,0,0,0,0,0,1
4,CVF-AE-w/o-CVF,30,20301156,346.91695685814,12.6273897,1,0,9289,0,0.0485263,259,157,0,0,0,0,0,0,0,0,0,1
4,CVF-AE,1,20301227,355.261766462318,12.6641849,1,0,9314,0,0.0433346,202,146,82,59,0.876914338981862,0.256666666666667,0,0,0,0,0.0166666666666667,0.726666666666667
4,CVF-AE,2,20301228,348.158344764241,12.5250556,1,0,9301,0,0.0409883,190,104,81,59,1.16028541125855,0.27,0,0,0,0,0,0.73
4,CVF-AE,3,20301229,381.419584112693,13.2659757,1,0,9374,0,0.0468209,244,203,100,71,1.44397663137895,0.333333333333333,0,0,0,0,0,0.666666666666667
4,CVF-AE,4,20301230,322.919664779313,13.208599,1,0,9359,0,0.0436656,229,122,100,74,1.33663304223811,0.333333333333333,0,0,0,0,0,0.666666666666667
4,CVF-AE,5,20301231,346.502420058504,13.2116646,1,0,9357,0,0.0410993,238,185,89,62,1.24037262570185,0.153333333333333,0,0,0,0,0.143333333333333,0.703333333333333
4,CVF-AE,6,20301232,343.41056925631,13.0804806,1,0,9331,0,0.0413471,213,166,88,49,0.815340528307562,0.293333333333333,0,0,0,0,0,0.706666666666667
4,CVF-AE,7,20301233,333.011443993747,12.9222485,1,0,9331,0,0.0446062,210,136,91,49,1.15109870355896,0.303333333333333,0,0,0,0,0,0.696666666666667
4,CVF-AE,8,20301234,327.120516677822,13.378634,1,0,9371,0,0.0428183,250,134,91,74,0.981135608975741,0.303333333333333,0,0,0,0,0,0.696666666666667
4,CVF-AE,9,20301235,351.431424419503,13.1484846,1,0,9321,0,0.0528699,191,136,100,50,1.56393766589324,0.333333333333333,0,0,0,0,0,0.666666666666667
4,CVF-AE,10,20301236,346.177857832159,13.1614289,1,0,9309,0,0.0428286,194,108,85,57,0.940124420652616,0.283333333333333,0,0,0,0,0,0.716666666666667
4,CVF-AE,11,20301237,332.459236930494,14.2021199,1,0,9412,0,0.0432589,290,164,92,74,0.935938109249313,0.306666666666667,0,0,0,0,0,0.693333333333333
4,CVF-AE,12,20301238,376.080598140738,12.5038435,1,0,9254,0,0.0428651,144,85,80,48,0.70813786844252,0.266666666666667,0,0,0,0,0,0.733333333333333
4,CVF-AE,13,20301239,376.010458892723,13.7140541,1,0,9358,0,0.0430704,237,166,91,43,1.06890516055728,0.303333333333333,0,0,0,0,0,0.696666666666667
4,CVF-AE,14,20301240,339.109307999996,13.2230553,1,0,9316,0,0.0437821,212,145,74,50,0.487863107495886,0.246666666666667,0,0,0,0,0,0.753333333333333
4,CVF-AE,15,20301241,353.234513256039,13.3459801,1,0,9354,0,0.0433285,232,155,92,54,1.13295518800272,0.1,0,0,0,0,0.206666666666667,0.693333333333333
4,CVF-AE,16,20301242,320.118760131152,13.4361561,1,0,9336,0,0.0415859,238,129,68,45,0.792001399401679,0.226666666666667,0,0,0,0,0,0.773333333333333
4,CVF-AE,17,20301243,339.345062335975,13.5739126,1,0,9362,0,0.0430332,243,133,89,67,1.07170418696524,0.296666666666667,0,0,0,0,0,0.703333333333333
4,CVF-AE,18,20301244,335.755667123176,12.8359202,1,0,9347,0,0.0416681,220,134,97,57,0.955441105384403,0.323333333333333,0,0,0,0,0,0.676666666666667
4,CVF-AE,19,20301245,333.789147048709,13.7179232,1,0,9387,0,0.0434751,260,189,97,64,1.30093117386204,0.17,0,0,0,0,0.153333333333333,0.676666666666667
4,CVF-AE,20,20301246,333.20447802954,13.4137412,1,0,9346,0,0.0421129,228,147,88,62,0.908787875922444,0.276666666666667,0,0,0,0,0.0166666666666667,0.706666666666667
4,CVF-AE,21,20301247,356.468727756726,13.3487683,1,0,9360,0,0.0414088,241,176,89,57,1.18640015508603,0.296666666666667,0,0,0,0,0,0.703333333333333
4,CVF-AE,22,20301248,365.681989937874,12.665174,1,0,9278,0,0.0444078,151,93,97,63,1.24474354637294,0.323333333333333,0,0,0,0,0,0.676666666666667
4,CVF-AE,23,20301249,346.449445956361,13.9687399,1,0,9386,0,0.0431567,266,165,90,57,1.28543643274686,0.3,0,0,0,0,0,0.7
4,CVF-AE,24,20301250,336.154936163636,13.7550364,1,0,9379,0,0.0448409,260,145,89,58,1.04120090437666,0.296666666666667,0,0,0,0,0,0.703333333333333
4,CVF-AE,25,20301251,369.004663864695,12.8274273,1,0,9298,0,0.0450753,182,146,86,55,1.02580582228957,0.25,0,0,0,0,0.0366666666666667,0.713333333333333
4,CVF-AE,26,20301252,380.570677813803,13.6713409,1,0,9328,0,0.0558025,206,140,92,56,1.30989291015958,0.306666666666667,0,0,0,0,0,0.693333333333333
4,CVF-AE,27,20301253,392.460966421421,13.0833367,1,0,9301,0,0.0437269,176,106,95,60,1.04469304178706,0.313333333333333,0,0,0,0,0.00333333333333333,0.683333333333333
4,CVF-AE,28,20301254,370.171826627938,14.7729898,1,0,9424,0,0.0445554,295,265,99,57,1.05535904460455,0.32,0,0,0,0,0.01,0.67
4,CVF-AE,29,20301255,338.954513607429,13.8703889,1,0,9368,0,0.0436408,249,172,89,61,0.824142388460776,0.296666666666667,0,0,0,0,0,0.703333333333333
4,CVF-AE,30,20301256,329.775635010953,13.7905275,1,0,9323,0,0.043507,211,131,82,62,0.577922787280204,0.273333333333333,0,0,0,0,0,0.726666666666667
