Scene,Algorithm,RunFile,BestFitness,Feasible,Violation,MeanZ,MaxZ,MinZ,StdZ,HighThreshold,HighAltitudeFrac,VeryHighThreshold,VeryHighAltitudeFrac,PathLength,DetourRatio,BoundaryBand,MinBoundaryDist,MeanBoundaryDist,BoundaryHugFrac,ControlPointBoundaryHugFrac,NumControlPoints,HighAltitudeFlag,BoundaryHugFlag,ExcessiveDetourFlag,ControlPointEdgeFlag,VisualReviewFlag
1,GDSAO,scene1_GDSAO_run001.mat,301.021197762975,1,0,9.67798695324738,18,8.02018061757431,1.94277225568348,24,0,32,0,154.186983710314,1.2100635838338,8,5.79116536376944,13.7187945271954,0.14572864321608,0.166666666666667,8,0,0,0,0,0
1,GDSAO,scene1_GDSAO_run002.mat,319.005271406599,1,0,10.4953345188809,18,9.34805473377036,1.8102399311396,24,0,32,0,155.255598117478,1.2184500983641,8,3.73893497405868,10.5726092909476,0.371859296482412,0.5,8,0,0,0,0,0
1,GDSAO,scene1_GDSAO_run003.mat,318.886537878473,1,0,12.0397951373047,18,10.3584407923472,1.51611548544264,24,0,32,0,154.11458962358,1.20949543309933,8,2.01748727008128,8.67041468170541,0.447236180904523,0.5,8,0,0,0,0,0
1,GDSAO,scene1_GDSAO_run004.mat,313.800397068225,1,0,17.5473109089117,20.3195462591232,12,2.57433820790249,24,0,32,0,156.187669372487,1.22576501857386,8,6.76123563306982,13.6850957839257,0.0653266331658292,0.166666666666667,8,0,0,0,0,0
1,GDSAO,scene1_GDSAO_run005.mat,325.783117907681,1,0,15.9230118472227,20.5233536950709,12,2.49555698179937,24,0,32,0,157.204800808993,1.23374749336954,8,5.87387048349355,9.14431155733485,0.577889447236181,0.666666666666667,8,0,0,0,1,1
1,GDSAO,scene1_GDSAO_run006.mat,322.048157977989,1,0,13.1106352867588,18.1771011419659,9.23426402457177,2.4855287885116,24,0,32,0,158.313637956204,1.24244967704259,8,4.71704148570359,10.4924879409962,0.381909547738693,0.5,8,0,0,0,0,0
1,GDSAO,scene1_GDSAO_run007.mat,317.707025719628,1,0,11.3227374982412,18,9.87844571420734,1.06508607904806,24,0,32,0,156.825269312459,1.23076892000476,8,3.63468111007391,8.9601505408971,0.467336683417085,0.666666666666667,8,0,0,0,1,1
1,GDSAO,scene1_GDSAO_run008.mat,322.463414028808,1,0,24.2514163464057,29.7774086245953,11.8830521741033,5.15696171550919,24,0.677272727272727,32,0,144.93654541001,1.13746589593345,8,5.8430180124294,17.4824778281779,0.100502512562814,0.166666666666667,8,1,0,0,0,1
1,GDSAO,scene1_GDSAO_run009.mat,320.073353186924,1,0,14.3315128736907,18,12,0.865462193897273,24,0,32,0,156.717139117021,1.22992031133065,8,4.53090267082553,11.0581358612724,0.251256281407035,0.333333333333333,8,0,0,0,0,0
1,GDSAO,scene1_GDSAO_run010.mat,303.300338133068,1,0,15.411192321458,18,12,0.735316425067023,24,0,32,0,157.141952292878,1.23325425652932,8,3.64017179646606,9.20577720817962,0.527638190954774,0.5,8,0,0,0,0,0
1,GDSAO,scene1_GDSAO_run011.mat,303.831345707581,1,0,15.8403056878006,18.5934710200724,12,1.86794391644143,24,0,32,0,156.450899120094,1.22783085269356,8,2.09586734360178,10.9663705783724,0.351758793969849,0.333333333333333,8,0,0,0,0,0
1,GDSAO,scene1_GDSAO_run012.mat,322.122914989321,1,0,14.2743394490914,20.6124466123564,11.5615230251824,2.76991381788909,24,0,32,0,154.871201352037,1.21543334223845,8,2.36563086737447,8.73352422552352,0.477386934673367,0.666666666666667,8,0,0,0,1,1
1,GDSAO,scene1_GDSAO_run013.mat,319.272509328364,1,0,9.5966215856521,18,8.69448270288652,1.77573450141755,24,0,32,0,155.897803652999,1.22349014463241,8,2.06366886683844,8.70230478927278,0.487437185929648,0.666666666666667,8,0,0,0,1,1
1,GDSAO,scene1_GDSAO_run014.mat,323.452067634976,1,0,24.3528478120032,28.8186849637148,12,3.52654713722815,24,0.595454545454545,32,0,147.038925888665,1.15396543432096,8,5.36593665685783,15.0375575105005,0.125628140703518,0.333333333333333,8,1,0,0,0,1
1,GDSAO,scene1_GDSAO_run015.mat,322.810215356284,1,0,14.7161038593217,18,11.3136786512344,1.63472449562732,24,0,32,0,154.281774259198,1.21080750260396,8,1.82577227128612,10.9707507822164,0.346733668341709,0.333333333333333,8,0,0,0,0,0
1,GDSAO,scene1_GDSAO_run016.mat,322.060643608603,1,2.22044604925031e-14,9.24138279998667,18,8,2.02955886182717,24,0,32,0,155.686952655151,1.22183538034575,8,4.32826935267922,9.86730356598207,0.442211055276382,0.666666666666667,8,0,0,0,1,1
1,GDSAO,scene1_GDSAO_run017.mat,327.463679268411,1,0,16.8706623111472,18.6428800147075,12,1.66426037646562,24,0,32,0,155.37406835439,1.21937985596105,8,6.16519956643905,12.9448869877832,0.371859296482412,0.5,8,0,0,0,0,0
1,GDSAO,scene1_GDSAO_run018.mat,308.612980519909,1,0,14.3486788534843,18,12,1.55675618974358,24,0,32,0,154.881337436804,1.21551289050357,8,4.96668691777539,11.2011179063626,0.306532663316583,0.5,8,0,0,0,0,0
1,GDSAO,scene1_GDSAO_run019.mat,305.66998009829,1,0,16.7419569110238,19.2513696049907,12,1.12909151356173,24,0,32,0,155.569613309276,1.22091449801199,8,6.18466818114743,11.0251912947583,0.276381909547739,0.333333333333333,8,0,0,0,0,0
1,GDSAO,scene1_GDSAO_run020.mat,319.421908516487,1,0,12.5455805749033,18,11.0667575458965,1.15436648882513,24,0,32,0,153.273090043907,1.20289132182696,8,5.19706161629941,11.0470383050439,0.296482412060302,0.5,8,0,0,0,0,0
1,GDSAO,scene1_GDSAO_run021.mat,319.80991510681,1,0,11.7493399053206,18,9.57691126105493,1.60044173128707,24,0,32,0,154.389699885573,1.21165450581459,8,6.38973242839125,10.4720450289345,0.422110552763819,0.666666666666667,8,0,0,0,1,1
1,GDSAO,scene1_GDSAO_run022.mat,303.817149717257,1,0,16.3026386019614,19.0236743516362,12,1.64869306909042,24,0,32,0,154.773660826909,1.21466784158097,8,3.24431101324565,10.1711573750403,0.447236180904523,0.5,8,0,0,0,0,0
1,GDSAO,scene1_GDSAO_run023.mat,307.486828927596,1,0,13.01730531442,18,11.6480696219464,1.47986684874654,24,0,32,0,158.294927804995,1.24230283927406,8,4.75653808725261,10.7635367055216,0.396984924623116,0.5,8,0,0,0,0,0
1,GDSAO,scene1_GDSAO_run024.mat,320.602619547987,1,0,10.0889651354661,18,8.77281569993333,1.50381837966221,24,0,32,0,153.798781218834,1.20701696026812,8,1.35364088619128,6.92170650514619,0.71356783919598,0.833333333333333,8,0,1,0,1,1
1,GDSAO,scene1_GDSAO_run025.mat,317.183003609356,1,0,9.95845438083589,18,8.27727909284767,1.66965818882794,24,0,32,0,154.819421338041,1.21502697129975,8,5.23790888017751,12.625405341204,0.206030150753769,0.333333333333333,8,0,0,0,0,0
1,GDSAO,scene1_GDSAO_run026.mat,318.409675223527,1,0,12.0866439116011,18,11.1689964054322,0.963747015811973,24,0,32,0,151.228805484725,1.18684772177375,8,4.69370980923572,10.2084925054385,0.376884422110553,0.333333333333333,8,0,0,0,0,0
1,GDSAO,scene1_GDSAO_run027.mat,321.296956965882,1,0,22.8739064130845,27.9606573383476,11.735282886709,5.04744300385222,24,0.563636363636364,32,0,146.879589507117,1.15271495812478,8,6.72189363576913,16.9377610740801,0.130653266331658,0.5,8,1,0,0,0,1
1,GDSAO,scene1_GDSAO_run028.mat,301.084183892936,1,0,15.2954545061289,18.0223126257472,9.99990150527677,2.43653104753506,24,0,32,0,153.558799560574,1.2051335777772,8,4.58672335464334,10.3839730647918,0.412060301507538,0.5,8,0,0,0,0,0
1,GDSAO,scene1_GDSAO_run029.mat,301.833302601728,1,0,16.0457587376391,18,12,1.23084637145974,24,0,32,0,154.228644058372,1.21039053536279,8,5.01404565025209,10.8897779379543,0.296482412060302,0.333333333333333,8,0,0,0,0,0
1,GDSAO,scene1_GDSAO_run030.mat,322.295983690529,1,0,13.6285892498584,18,11.5766087370068,1.81051911600232,24,0,32,0,157.112783229113,1.2330253369345,8,4.37614056317329,9.36513170983586,0.422110552763819,0.5,8,0,0,0,0,0
1,ERIME,scene1_ERIME_run001.mat,324.101743568398,1,2.8421709430404e-14,8.75456515286307,18,8,1.74700789699492,24,0,32,0,148.511257673815,1.16552033366239,8,2.86418106274335,16.215920951038,0.190954773869347,0.166666666666667,8,0,0,0,0,0
1,ERIME,scene1_ERIME_run002.mat,323.659094851956,1,1.59872115546023e-14,8.72979531686328,18,8,1.7465776390564,24,0,32,0,152.805186374874,1.19921920128206,8,6.31336537856876e-08,5.55885826495421,0.703517587939699,0.666666666666667,8,0,1,0,1,1
1,ERIME,scene1_ERIME_run003.mat,328.035171949372,1,0,26.730046252994,34.6256305262473,12,4.5645588338615,24,0.845454545454545,32,0.172727272727273,149.11982319238,1.17029637217531,8,1.65361208754778,13.7592122257192,0.447236180904523,0.5,8,1,0,0,0,1
1,ERIME,scene1_ERIME_run004.mat,315.478094055251,1,4.44089209850063e-14,8.72899958004311,18,8,1.74679831972043,24,0,32,0,153.724454699125,1.20643364374782,8,4.83569730620379,11.7373859328887,0.321608040201005,0.5,8,0,0,0,0,0
1,ERIME,scene1_ERIME_run005.mat,337.028191438955,1,4.44089209850063e-14,8.72899958004311,18,8,1.74679831972043,24,0,32,0,154.082529602083,1.20924382519069,8,7.53424964645885,10.6250881339656,0.0603015075376884,0.333333333333333,8,0,0,0,0,0
1,ERIME,scene1_ERIME_run006.mat,330.400362705964,1,0,25.6482403768089,31.3760192872649,12,4.07375981714123,24,0.763636363636364,32,0,154.219021047059,1.2103150137119,8,2.0043866355115,11.1069450240697,0.452261306532663,0.666666666666667,8,1,0,0,1,1
1,ERIME,scene1_ERIME_run007.mat,338.402181489793,1,0,8.91712969098489,18,8.0000000824894,1.77313584018625,24,0,32,0,156.449211440914,1.22781760774208,8,2.12719516784775,8.82048267578978,0.457286432160804,0.666666666666667,8,0,0,0,1,1
1,ERIME,scene1_ERIME_run008.mat,318.361132818697,1,0,9.38042742514514,18,8.2218225929726,1.76878430593387,24,0,32,0,153.727559534445,1.20645801057869,8,5.29985571100585,11.4031572428257,0.422110552763819,0.5,8,0,0,0,0,0
1,ERIME,scene1_ERIME_run009.mat,318.964835584385,1,4.44089209850063e-14,8.72899958004311,18,8,1.74679831972043,24,0,32,0,152.363017364868,1.19574904703147,8,1.82735625823681,6.33686504124001,0.869346733668342,0.833333333333333,8,0,1,0,1,1
1,ERIME,scene1_ERIME_run010.mat,317.490400800344,1,0,15.7912796889529,18.7142197338337,11.1929077499912,2.39263213332459,24,0,32,0,139.617768734249,1.09572399391936,8,5.42730802771331,16.8984871838123,0.100502512562814,0.333333333333333,8,0,0,0,0,0
1,ERIME,scene1_ERIME_run011.mat,345.643792205414,1,1.59872115546023e-14,9.95566390836894,18,8,2.80163814744538,24,0,32,0,157.267600107664,1.23424034394994,8,0.922406306299826,6.2845198318199,0.688442211055276,0.666666666666667,8,0,1,0,1,1
1,ERIME,scene1_ERIME_run012.mat,341.773728226736,1,0,14.028767200359,30.9031893858311,8.88617263568328,7.15350114106471,24,0.159090909090909,32,0,146.980386779711,1.15350601782372,8,4.63472853984394,11.867338883519,0.361809045226131,0.5,8,0,0,0,0,0
1,ERIME,scene1_ERIME_run013.mat,311.80841846752,1,0,27.318462737008,30.4388452966189,12,3.78356233297961,24,0.85,32,0,152.296118972868,1.19522402665667,8,5.70569204358702,13.5629094489367,0.221105527638191,0.333333333333333,8,1,0,0,0,1
1,ERIME,scene1_ERIME_run014.mat,300.371442797895,1,0,22.6446660387603,26.8508600933874,12,3.15026171317696,24,0.372727272727273,32,0,141.059465446533,1.10703846838722,8,7.56383025367136,17.5923293030223,0.0150753768844221,0,8,0,0,0,0,0
1,ERIME,scene1_ERIME_run015.mat,339.590185133154,1,0,13.148389064,18,11.2667163224346,2.23010897092631,24,0,32,0,158.103133232533,1.24079763032497,8,4.27637706945096,9.63890097276007,0.326633165829146,0.833333333333333,8,0,0,0,1,1
1,ERIME,scene1_ERIME_run016.mat,329.168017045557,1,0,9.19666961383165,18,8.02923999097735,1.6713440537396,24,0,32,0,155.537955185258,1.22066604420555,8,0.0899224404578518,5.12235395487565,0.804020100502513,1,8,0,1,0,1,1
1,ERIME,scene1_ERIME_run017.mat,318.351657601643,1,4.44089209850063e-14,8.72899958004311,18,8,1.74679831972043,24,0,32,0,154.280204872162,1.21079518601241,8,0.546639183320435,5.37962700814119,0.738693467336683,0.833333333333333,8,0,1,0,1,1
1,ERIME,scene1_ERIME_run018.mat,307.230052955024,1,0,23.1561887118722,26.9746032233844,12,3.772866598914,24,0.540909090909091,32,0,140.012020439053,1.09881809187347,8,8.04078381405087,19.7023071884298,0,0,8,1,0,0,0,1
1,ERIME,scene1_ERIME_run019.mat,349.852102988485,1,0,20.0891013308842,22.1878133137813,12,1.53082344349968,24,0,32,0,158.020606386638,1.24014995742481,8,1.17775735571292e-07,5.22816019622864,0.743718592964824,0.666666666666667,8,0,1,0,1,1
1,ERIME,scene1_ERIME_run020.mat,329.613118738675,1,0,29.0244669469753,31.4847466257352,12,4.03695923612196,24,0.881818181818182,32,0,147.442212318318,1.15713043703802,8,2.26466440698681,13.4958091916727,0.261306532663317,0.5,8,1,0,0,0,1
1,ERIME,scene1_ERIME_run021.mat,312.493055020885,1,0,8.7938002838487,18,8.04269572879243,1.72312528897163,24,0,32,0,151.069499466747,1.18559748387167,8,4.43852241013465,8.1359148180177,0.743718592964824,0.666666666666667,8,0,1,0,1,1
1,ERIME,scene1_ERIME_run022.mat,317.363741857541,1,0,22.5324820796431,26.598403769544,12,2.69208862109256,24,0.263636363636364,32,0,145.411645182473,1.14119449169108,8,1.37724710866206,9.49661664989413,0.507537688442211,0.5,8,0,0,0,0,0
1,ERIME,scene1_ERIME_run023.mat,318.57088324365,1,6.21724893790088e-15,8.95559662084642,18,8,1.712952652116,24,0,32,0,154.079920717636,1.20922335059558,8,1.556224340342,9.27391237716653,0.542713567839196,0.5,8,0,0,0,0,0
1,ERIME,scene1_ERIME_run024.mat,316.004830806713,1,0,35.3033033154255,39.303421967059,12,5.96797845126462,24,0.918181818181818,32,0.8,154.713994890955,1.21419958171522,8,8.2617149020755,20.17524610094,0,0,8,1,0,0,0,1
1,ERIME,scene1_ERIME_run025.mat,325.12468975075,1,0,13.709894266285,18,12,1.67263246371993,24,0,32,0,155.575022388809,1.22095694861325,8,4.66787933878209,9.61071118607545,0.366834170854271,0.833333333333333,8,0,0,0,1,1
1,ERIME,scene1_ERIME_run026.mat,312.005486919727,1,4.44089209850063e-14,8.72899958004311,18,8,1.74679831972043,24,0,32,0,151.717360037816,1.19068191101064,8,1.7553400571565,6.78685254029268,0.78894472361809,0.833333333333333,8,0,1,0,1,1
1,ERIME,scene1_ERIME_run027.mat,325.759771149191,1,0,33.4722183223769,39.9192308408389,11.9831530400435,8.3978075859275,24,0.831818181818182,32,0.713636363636364,143.335243084,1.12489883232804,8,6.70890853609012,30.4070511082806,0.0251256281407035,0.166666666666667,8,1,0,0,0,1
1,ERIME,scene1_ERIME_run028.mat,310.180573980794,1,0,23.10885982435,27.0903382334733,12,3.36164661916233,24,0.55,32,0,140.480008060732,1.10249087128099,8,7.34219043199124,18.886421943358,0.0251256281407035,0.166666666666667,8,1,0,0,0,1
1,ERIME,scene1_ERIME_run029.mat,315.062365558511,1,0,23.6449271771129,27.8692619299983,12,4.73683723236767,24,0.590909090909091,32,0,146.699780800444,1.15130381457189,8,7.4743726118374,17.3974377248955,0.0251256281407035,0,8,1,0,0,0,1
1,ERIME,scene1_ERIME_run030.mat,311.788799143039,1,0,27.3865923924884,29.2839557341222,12,3.38077379880012,24,0.872727272727273,32,0,148.131215709444,1.16253775413234,8,9.36930206896982,19.4710238203085,0,0,8,1,0,0,0,1
1,MSCSO,scene1_MSCSO_run001.mat,305.621159331696,1,0,16.9106714896993,18.0762273183161,11.9929606183868,1.73738693067198,24,0,32,0,151.424265209956,1.18838169494007,8,5.59766997899962,13.2168344845842,0.180904522613065,0.5,8,0,0,0,0,0
1,MSCSO,scene1_MSCSO_run002.mat,296.744554083507,1,0,28.6473061604049,31.3625746336549,12,4.11321800289254,24,0.854545454545454,32,0,148.463866930783,1.16514840983994,8,6.37962542751782,16.7475506452021,0.0552763819095477,0.166666666666667,8,1,0,0,0,1
1,MSCSO,scene1_MSCSO_run003.mat,304.547064617223,1,0,23.4926579980535,30.5246184580191,12,3.91364224345367,24,0.359090909090909,32,0,149.500202179093,1.17328159666574,8,4.66567231318845,12.3625753307911,0.346733668341709,0.5,8,0,0,0,0,0
1,MSCSO,scene1_MSCSO_run004.mat,299.370553034263,1,0,17.169470673188,18.2505515454285,12,1.85559836579263,24,0,32,0,152.915731109821,1.20008675932701,8,4.77730720162928,11.1148027148348,0.180904522613065,0.333333333333333,8,0,0,0,0,0
1,MSCSO,scene1_MSCSO_run005.mat,322.9667341447,1,0,24.3166053341943,28.6450453992188,12,3.1978692276541,24,0.6,32,0,141.383950173313,1.10958503322648,8,6.99606876172095,17.5819895628854,0.0301507537688442,0.333333333333333,8,1,0,0,0,1
1,MSCSO,scene1_MSCSO_run006.mat,311.006268535922,1,0,27.0561343612337,31.1866770182381,11.994808197746,5.71784027300068,24,0.772727272727273,32,0,149.306054913149,1.17175792371511,8,6.54629570548864,14.0403501274587,0.100502512562814,0.5,8,1,0,0,0,1
1,MSCSO,scene1_MSCSO_run007.mat,307.981424823645,1,0,12.7963545371247,18,12,1.06196437998945,24,0,32,0,149.958400176587,1.17687754684007,8,4.97496379537142,11.1476810791329,0.261306532663317,0.333333333333333,8,0,0,0,0,0
1,MSCSO,scene1_MSCSO_run008.mat,337.559480377009,1,0,31.0045105195814,34.3757299444944,12,5.24035094838738,24,0.872727272727273,32,0.686363636363636,149.861958816841,1.17612067246199,8,5.72789173678201,16.3912687078229,0.0402010050251256,0.166666666666667,8,1,0,0,0,1
1,MSCSO,scene1_MSCSO_run009.mat,311.430367953835,1,0,11.8264649145664,18,10.6990246885683,0.961654181364788,24,0,32,0,150.393009640471,1.18028837356993,8,2.08089734311596,8.74257153095609,0.628140703517588,0.666666666666667,8,0,0,0,1,1
1,MSCSO,scene1_MSCSO_run010.mat,297.830731198576,1,0,20.4569082773692,22.5962324448713,12,2.50240030973895,24,0,32,0,137.662433026879,1.08037846684099,8,8.05638633705872,22.8341647887157,0,0,8,0,0,0,0,0
1,MSCSO,scene1_MSCSO_run011.mat,303.822765639444,1,0,17.0613792470635,18.0319546548881,11.9939615795343,1.80054319183693,24,0,32,0,152.771018673685,1.19895105224666,8,4.81769682884098,12.2478462920308,0.236180904522613,0.5,8,0,0,0,0,0
1,MSCSO,scene1_MSCSO_run012.mat,303.609880660127,1,0,23.4823864087766,26.5100653812296,12,2.57976340874948,24,0.518181818181818,32,0,139.356708682723,1.09367518763271,8,10.9897211212603,22.0119125731653,0,0,8,1,0,0,0,1
1,MSCSO,scene1_MSCSO_run013.mat,308.939509694879,1,0,16.5881432963135,18,12,0.860331026973658,24,0,32,0,159.570523510966,1.25231374858914,8,2.10102443397647,13.4250419340906,0.246231155778894,0.5,8,0,0,0,0,0
1,MSCSO,scene1_MSCSO_run014.mat,311.171800435782,1,0,16.8741116936123,19.6990851333675,12,2.69785001746932,24,0,32,0,149.088759737665,1.17005258534951,8,4.97202688685525,11.3428372143759,0.291457286432161,0.333333333333333,8,0,0,0,0,0
1,MSCSO,scene1_MSCSO_run015.mat,343.384527563339,1,0,31.9490889812031,35.7973931355806,12,4.70643136270416,24,0.904545454545455,32,0.740909090909091,148.07136557874,1.16206804870125,8,6.12043079059168,17.2031487363166,0.050251256281407,0.166666666666667,8,1,0,0,0,1
1,MSCSO,scene1_MSCSO_run016.mat,308.083658045151,1,0,10.1297329276263,18,9.38413429250154,1.51923674655499,24,0,32,0,149.75456090953,1.17527781080474,8,5.5923554950821,11.6058775955524,0.185929648241206,0.333333333333333,8,0,0,0,0,0
1,MSCSO,scene1_MSCSO_run017.mat,308.310687632826,1,0,13.9387975229508,18,12,1.07614465045172,24,0,32,0,150.417798233498,1.1804829151129,8,2.95635715252678,8.75238751701207,0.547738693467337,0.5,8,0,0,0,0,0
1,MSCSO,scene1_MSCSO_run018.mat,310.059768047681,1,0,13.4613345868704,18,12,1.45644856649473,24,0,32,0,152.396365559666,1.19601076455873,8,1.41311353013521,5.35982647983915,0.809045226130653,1,8,0,1,0,1,1
1,MSCSO,scene1_MSCSO_run019.mat,329.80665349773,1,0,12.5266581840776,18,11.6063661544778,1.31380370205136,24,0,32,0,154.5412144312,1.21284359603266,8,5.15954280132388,13.0905045928691,0.276381909547739,0.666666666666667,8,0,0,0,1,1
1,MSCSO,scene1_MSCSO_run020.mat,300.926805367272,1,0,14.8465854990371,18,11.9948517823718,1.18087096997044,24,0,32,0,151.6731729277,1.19033512938524,8,6.58169776945437,13.014600033228,0.0703517587939698,0.333333333333333,8,0,0,0,0,0
1,MSCSO,scene1_MSCSO_run021.mat,310.358976078258,1,0,13.782339405199,18.2385815642342,12,1.67384250774374,24,0,32,0,151.878305877695,1.19194501827897,8,1.38421176167398,5.72858559911635,0.773869346733668,1,8,0,1,0,1,1
1,MSCSO,scene1_MSCSO_run022.mat,308.893810351557,1,0,16.7263001725975,18.0404058943346,12,1.49022097739399,24,0,32,0,149.592482030475,1.17400581141456,8,5.73416550251018,12.1045677452667,0.165829145728643,0.166666666666667,8,0,0,0,0,0
1,MSCSO,scene1_MSCSO_run023.mat,349.268103434637,1,0,32.2091309498708,34.405190843041,12,4.31499163612177,24,0.922727272727273,32,0.8,155.473163728107,1.22015755911196,8,9.69376864178469,16.5878748663374,0,0,8,1,0,0,0,1
1,MSCSO,scene1_MSCSO_run024.mat,307.879489688752,1,0,36.6661231611577,39.4620905366927,12,5.54960345917029,24,0.940909090909091,32,0.859090909090909,144.242095513177,1.13201583451624,8,11.2121687299386,26.3200582113963,0,0,8,1,0,0,0,1
1,MSCSO,scene1_MSCSO_run025.mat,296.483591054326,1,0,27.7821468910792,30.2957755071767,12,3.51233295501968,24,0.872727272727273,32,0,148.655937784723,1.16665578705347,8,6.84826092188399,15.9646703677195,0.0351758793969849,0.166666666666667,8,1,0,0,0,1
1,MSCSO,scene1_MSCSO_run026.mat,313.139692442178,1,0,11.9794322441227,18,11.306557077509,0.978397392861222,24,0,32,0,150.495557297855,1.18109317033566,8,2.60675388653165,7.23563681521668,0.673366834170854,0.833333333333333,8,0,1,0,1,1
1,MSCSO,scene1_MSCSO_run027.mat,388.121527402022,1,0,12.5155900555082,18,12,1.01954500063772,24,0,32,0,166.155302645062,1.30399127185354,8,1.20807849983877,5.71298777505887,0.723618090452261,1,8,0,1,0,1,1
1,MSCSO,scene1_MSCSO_run028.mat,296.483455550281,1,0,18.1165905012031,26.5064889254449,12,4.97967367123725,24,0.213636363636364,32,0,138.44443247273,1.08651561946718,8,6.05608503438425,16.2706239273302,0.125628140703518,0.166666666666667,8,0,0,0,0,0
1,MSCSO,scene1_MSCSO_run029.mat,311.710063282562,1,0,20.8701468832757,26.4582986830001,12,3.03133371652792,24,0.213636363636364,32,0,141.483615139078,1.11036720655106,8,7.90019877857182,19.1676920796362,0.0050251256281407,0.166666666666667,8,0,0,0,0,0
1,MSCSO,scene1_MSCSO_run030.mat,324.846844068973,1,0,24.31635546226,30.2391058789496,12,6.30745779763919,24,0.609090909090909,32,0,149.403936763492,1.17252610310203,8,6.16510437459644,14.6409703160164,0.135678391959799,0.333333333333333,8,1,0,0,0,1
2,GDSAO,scene2_GDSAO_run001.mat,319.284949807312,1,0,15.0303644572882,18,12,0.965887496393612,24,0,31,0,166.417001847071,1.30604509421033,8,1.86314356505211,7.00296731721418,0.57286432160804,0.666666666666667,8,0,0,0,1,1
2,GDSAO,scene2_GDSAO_run002.mat,285.391669648083,1,0,28.6943136674879,31.3540425686925,12,3.97144753424782,24,0.877272727272727,31,0.240909090909091,144.516985867672,1.13417318139155,8,8.25203932609681,22.3353227815632,0,0.166666666666667,8,1,0,0,0,1
2,GDSAO,scene2_GDSAO_run003.mat,290.438945349229,1,0,25.4945231624517,31.4105825721129,12,6.06893042207559,24,0.65,31,0.195454545454545,144.66077671908,1.13530165585023,8,5.57966460452316,16.7350927934022,0.14572864321608,0.166666666666667,8,1,0,0,0,1
2,GDSAO,scene2_GDSAO_run004.mat,290.466079062593,1,0,27.9189321883167,30.9552309174328,12,4.16255318719313,24,0.85,31,0,145.293931895532,1.14027067465781,8,4.12370087678923,22.5712317449822,0.0954773869346734,0.333333333333333,8,1,0,0,0,1
2,GDSAO,scene2_GDSAO_run005.mat,330.335943620512,1,0,12.2991896975738,18,10.9188434603058,1.26460511396804,24,0,31,0,169.885620601348,1.3332669072308,8,1.23943131893372,5.82438168027667,0.698492462311558,0.833333333333333,8,0,1,0,1,1
2,GDSAO,scene2_GDSAO_run006.mat,328.957992294127,1,0,13.3775361115631,18,12,1.10840072427734,24,0,31,0,169.04935904488,1.32670390410505,8,2.86965366224883,7.47291603800064,0.49748743718593,0.5,8,0,0,0,0,0
2,GDSAO,scene2_GDSAO_run007.mat,300.684967954745,1,0,10.9672474853894,18,9.68410612495013,1.33321084855445,24,0,31,0,151.949388068612,1.19250287321989,8,2.35647975145679,6.02281672737128,0.904522613065327,0.833333333333333,8,0,1,0,1,1
2,GDSAO,scene2_GDSAO_run008.mat,288.3001898763,1,0,28.8850174720288,31.0378344360425,12,3.83799580008901,24,0.890909090909091,31,0.0681818181818182,144.1570392136,1.13134831039574,8,7.50897878836145,21.6751015683033,0.0150753768844221,0,8,1,0,0,0,1
2,GDSAO,scene2_GDSAO_run009.mat,296.866617504997,1,0,28.0296712368243,31.3395680762207,12,4.83711318926032,24,0.813636363636364,31,0.45,148.926294552412,1.16877755421793,8,5.79173291946316,18.7157389638469,0.120603015075377,0.333333333333333,8,1,0,0,0,1
2,GDSAO,scene2_GDSAO_run010.mat,290.656565201727,1,0,28.8203606760526,31.1526128787317,12,3.61235374100786,24,0.890909090909091,31,0.0909090909090909,147.417213532436,1.15693424589588,8,6.76871361788237,18.9379004374918,0.0301507537688442,0.166666666666667,8,1,0,0,0,1
2,GDSAO,scene2_GDSAO_run011.mat,292.390970092373,1,0,26.6842746102438,31.6178466389924,12,4.54007252001102,24,0.777272727272727,31,0.122727272727273,140.354461904921,1.10150558168272,8,5.48121876480687,20.290726119988,0.100502512562814,0.166666666666667,8,1,0,0,0,1
2,GDSAO,scene2_GDSAO_run012.mat,287.290733975231,1,0,27.6220996073926,30.514678013053,12,4.03072368587811,24,0.845454545454545,31,0,142.274630343275,1.11657511509058,8,6.22491524185358,20.2723751602331,0.0552763819095477,0.166666666666667,8,1,0,0,0,1
2,GDSAO,scene2_GDSAO_run013.mat,331.143703700678,1,0,13.608757115027,18,11.4416683251521,1.32981104555533,24,0,31,0,169.620140112233,1.33118340923139,8,2.6105695830817,7.11693381437395,0.577889447236181,0.666666666666667,8,0,0,0,1,1
2,GDSAO,scene2_GDSAO_run014.mat,326.456500810884,1,0,14.4760077217599,18.077524670721,11.9791051540255,1.6574087247539,24,0,31,0,168.089678205742,1.31917230313849,8,2.81762932027647,7.11425761990782,0.5678391959799,0.666666666666667,8,0,0,0,1,1
2,GDSAO,scene2_GDSAO_run015.mat,335.163147270772,1,0,12.9851463614882,18,10.3127448527686,1.56654715162785,24,0,31,0,169.941960189805,1.33370906183218,8,3.96967156636317,6.54242732688244,0.733668341708543,0.833333333333333,8,0,1,0,1,1
2,GDSAO,scene2_GDSAO_run016.mat,300.114968735718,1,0,25.8650251693535,30.3721940741559,12,4.67342197442509,24,0.668181818181818,31,0,149.448997419221,1.17287974033682,8,4.27285057510177,16.1330145336268,0.226130653266332,0.5,8,1,0,0,0,1
2,GDSAO,scene2_GDSAO_run017.mat,316.103880648478,1,0,12.3481052991355,18,11.2788144202469,1.17886129088544,24,0,31,0,155.231120171031,1.21825799478382,8,1.62161425014347,7.51057925547083,0.618090452261307,0.666666666666667,8,0,0,0,1,1
2,GDSAO,scene2_GDSAO_run018.mat,329.239434982909,1,0,16.5818097452868,18.4526729498293,12,1.18180543019039,24,0,31,0,166.517692915885,1.30683532041916,8,0.805514494787701,6.76403111281272,0.618090452261307,0.833333333333333,8,0,0,0,1,1
2,GDSAO,scene2_GDSAO_run019.mat,336.675685004256,1,0,11.4921556029939,18,8.95728213135119,2.66646613225497,24,0,31,0,170.560746670185,1.33856531472759,8,4.08955508967114,8.23859452569116,0.4321608040201,0.833333333333333,8,0,0,0,1,1
2,GDSAO,scene2_GDSAO_run020.mat,289.463628350878,1,0,28.069627158402,31.7615461036587,12,4.4772957403296,24,0.836363636363636,31,0.304545454545455,141.016020751123,1.10669751325236,8,7.40734619360198,21.5065780851217,0.0150753768844221,0,8,1,0,0,0,1
2,GDSAO,scene2_GDSAO_run021.mat,297.382216521281,1,0,25.553425406537,30.1742790592128,12,5.16225371732228,24,0.704545454545455,31,0,143.862730863371,1.12903857056907,8,6.34862651240532,16.1847178329464,0.14572864321608,0.333333333333333,8,1,0,0,0,1
2,GDSAO,scene2_GDSAO_run022.mat,329.480379803581,1,0,13.0455412774924,18,12,0.912468813133288,24,0,31,0,169.411275895438,1.32954423725573,8,1.79407397004213,6.87094959561097,0.613065326633166,0.666666666666667,8,0,0,0,1,1
2,GDSAO,scene2_GDSAO_run023.mat,292.173158470365,1,0,28.2480375469273,31.1545233790393,12,3.94983577042047,24,0.85,31,0.104545454545455,145.592714107975,1.14261552547514,8,6.71378231841831,20.2789054180508,0.0552763819095477,0.166666666666667,8,1,0,0,0,1
2,GDSAO,scene2_GDSAO_run024.mat,312.031432467727,1,0,11.9425456216258,18,10.6590049621233,1.43092160761159,24,0,31,0,154.789726588173,1.21479392610629,8,5.03601895196248,11.4196097735578,0.331658291457286,0.5,8,0,0,0,0,0
2,GDSAO,scene2_GDSAO_run025.mat,330.432321264576,1,0,14.3026022214906,18,12,1.13769831715121,24,0,31,0,170.889823437563,1.34114791802462,8,2.70800016156324,6.38336485997954,0.693467336683417,0.666666666666667,8,0,1,0,1,1
2,GDSAO,scene2_GDSAO_run026.mat,290.889184207871,1,0,29.3074009962388,31.5140262360844,12,3.7843003001754,24,0.895454545454546,31,0.368181818181818,144.261865242018,1.13217098787845,8,7.24471905981645,21.5406673971634,0.0201005025125628,0,8,1,0,0,0,1
2,GDSAO,scene2_GDSAO_run027.mat,286.327443658726,1,0,27.2601612276799,30.9388577095945,12,4.55041071550536,24,0.795454545454545,31,0,142.898629249193,1.12147227524142,8,5.87503602421592,21.7739045617305,0.0653266331658292,0.166666666666667,8,1,0,0,0,1
2,GDSAO,scene2_GDSAO_run028.mat,287.699503515976,1,0,29.0125144980859,31.7562202632805,12,3.61584180787008,24,0.9,31,0.186363636363636,146.005603152121,1.1458558897683,8,7.34686116034392,22.0955503465402,0.0201005025125628,0,8,1,0,0,0,1
2,GDSAO,scene2_GDSAO_run029.mat,290.817924821713,1,0,29.4765001186182,31.8364147785982,12,3.87956207598878,24,0.895454545454546,31,0.5,145.838925258645,1.14454779718958,8,7.24775489109891,23.1278695081556,0.0150753768844221,0.166666666666667,8,1,0,0,0,1
2,GDSAO,scene2_GDSAO_run030.mat,329.364437744311,1,0,13.7307792485129,19.3899490069553,11.7188837944332,2.31978444295614,24,0,31,0,170.753954514846,1.3400816150748,8,1.12246958400708,5.91129867259251,0.688442211055276,0.833333333333333,8,0,1,0,1,1
2,ERIME,scene2_ERIME_run001.mat,296.69275764774,1,0,20.6830734277444,30.217953682187,12,5.10535387217106,24,0.286363636363636,31,0,143.807441504174,1.12860465819509,8,3.60697887812618,11.4108650171096,0.462311557788945,0.5,8,0,0,0,0,0
2,ERIME,scene2_ERIME_run002.mat,305.701657986739,1,0,22.0928032927233,24.7745663777016,12,3.48036879672071,24,0.486363636363636,31,0,152.197531710231,1.19445031117514,8,5.71543228319098,17.0140541523757,0.105527638190955,0.333333333333333,8,0,0,0,0,0
2,ERIME,scene2_ERIME_run003.mat,336.92502041372,1,1.59872115546023e-14,9.29555483740123,18,8,2.08864761286684,24,0,31,0,156.362421164057,1.22713647532137,8,5.55482824217389e-09,4.37705451383277,0.748743718592965,0.833333333333333,8,0,1,0,1,1
2,ERIME,scene2_ERIME_run004.mat,319.498083639241,1,1.59872115546023e-14,9.20405654517935,18,8,2.17924489549919,24,0,31,0,154.943272317417,1.21599895710788,8,0.455882251782439,2.91870035635184,0.92964824120603,1,8,0,1,0,1,1
2,ERIME,scene2_ERIME_run005.mat,338.013447361947,1,0,21.7880867967648,30.6100588250023,12,5.55153157477192,24,0.368181818181818,31,0,146.246997618274,1.14775036001346,8,2.62499204493317,12.948688315431,0.316582914572864,0.333333333333333,8,0,0,0,0,0
2,ERIME,scene2_ERIME_run006.mat,313.938716113066,1,0,23.7227076775465,30.0942590074771,12,7.03309707201428,24,0.6,31,0,143.934485580518,1.12960170351388,8,5.97979735603595,19.2612629321286,0.0904522613065327,0.5,8,1,0,0,0,1
2,ERIME,scene2_ERIME_run007.mat,370.388075016909,1,0,13.8891441337351,18,12,1.50046321940255,24,0,31,0,169.147437045031,1.32747362288093,8,3.04017613678066,8.27198946604512,0.336683417085427,1,8,0,0,0,1,1
2,ERIME,scene2_ERIME_run008.mat,300.866540855792,1,0,16.9236801402392,18,12,0.931687290030056,24,0,31,0,153.975343780439,1.20840262798744,8,0.191294767398256,3.17787402136675,0.919597989949749,1,8,0,1,0,1,1
2,ERIME,scene2_ERIME_run009.mat,301.904661387248,1,0,10.1140112108986,18,8.08434093415431,2.35942107260283,24,0,31,0,150.69511917651,1.18265933731209,8,5.49751543249034,12.2345001596013,0.281407035175879,0.333333333333333,8,0,0,0,0,0
2,ERIME,scene2_ERIME_run010.mat,332.48360967281,1,0,29.4459088300494,31.9999997670248,12,4.00312720223509,24,0.886363636363636,31,0.513636363636364,154.544261993679,1.21286751338474,8,0.288493562443307,11.8802238071326,0.492462311557789,0.5,8,1,0,0,0,1
2,ERIME,scene2_ERIME_run011.mat,313.384303547311,1,0,9.38692838223868,18,8.00000000086336,2.40893571408415,24,0,31,0,152.17198255565,1.1942498007247,8,0.145824176878359,2.69165291798497,0.909547738693467,1,8,0,1,0,1,1
2,ERIME,scene2_ERIME_run012.mat,333.960211170741,1,0,28.4739436797796,31.7032239832663,12,4.78021813554211,24,0.809090909090909,31,0.572727272727273,150.696657731512,1.18267141193301,8,2.06518081122237,11.3973929654966,0.547738693467337,0.833333333333333,8,1,0,0,1,1
2,ERIME,scene2_ERIME_run013.mat,338.256019309826,1,1.59872115546023e-14,9.38313566544936,18,8,1.91764716265274,24,0,31,0,155.625475903207,1.22135290914754,8,3.29909690131399,19.9393055030167,0.130653266331658,0.333333333333333,8,0,0,0,0,0
2,ERIME,scene2_ERIME_run014.mat,300.480312039345,1,0,9.02392459010486,18,8.00273377923687,1.89788808527872,24,0,31,0,151.587289864185,1.18966111679919,8,5.79716719996833e-08,4.06733227913114,0.869346733668342,0.833333333333333,8,0,1,0,1,1
2,ERIME,scene2_ERIME_run015.mat,299.664191443241,1,0,9.05047181693331,18,8.00000001827771,1.98444120091345,24,0,31,0,152.350055515185,1.19564732208749,8,0.234645451759543,4.21598671340504,0.909547738693467,0.833333333333333,8,0,1,0,1,1
2,ERIME,scene2_ERIME_run016.mat,356.039352840352,1,0,14.6112939100727,29.1279883509752,8.69986295401517,7.41486800454077,24,0.195454545454545,31,0,154.494849660706,1.2124797240702,8,1.99305553830639,8.17432524318494,0.71356783919598,0.833333333333333,8,0,1,0,1,1
2,ERIME,scene2_ERIME_run017.mat,287.302093883191,1,0,12.4359728494811,18,11.7427276428319,1.06239105146252,24,0,31,0,149.852442108423,1.17604598507906,8,5.60193182019987,10.8591235347253,0.341708542713568,0.5,8,0,0,0,0,0
2,ERIME,scene2_ERIME_run018.mat,295.39589717462,1,0,26.4952271323544,29.3136799751084,12,3.35292065148622,24,0.845454545454545,31,0,146.114836271972,1.14671315422278,8,3.84131359463316,15.0491678199176,0.180904522613065,0.333333333333333,8,1,0,0,0,1
2,ERIME,scene2_ERIME_run019.mat,292.448327104469,1,0,24.967727210993,29.447621777818,12,4.29607403210339,24,0.640909090909091,31,0,147.03021782571,1.15389709320932,8,6.00110953126612,15.6965170866814,0.125628140703518,0.166666666666667,8,1,0,0,0,1
2,ERIME,scene2_ERIME_run020.mat,284.650522316186,1,0,26.9560435579426,30.7087862155993,12,3.89010327665999,24,0.818181818181818,31,0,143.344507656403,1.12497154094075,8,6.50225529781383,18.6893266196277,0.0603015075376884,0.333333333333333,8,1,0,0,0,1
2,ERIME,scene2_ERIME_run021.mat,293.259774260785,1,0,13.7876511346925,18,11.9704697197965,1.66996449646056,24,0,31,0,148.915159861135,1.16869016886212,8,5.08918073745022,11.8488288677262,0.195979899497487,0.333333333333333,8,0,0,0,0,0
2,ERIME,scene2_ERIME_run022.mat,295.276221621147,1,0,23.8649365748064,29.1304537260408,12,3.91553812773099,24,0.495454545454545,31,0,140.187466431298,1.1001949967265,8,5.98219655198599,15.3633882155523,0.170854271356784,0.333333333333333,8,0,0,0,0,0
2,ERIME,scene2_ERIME_run023.mat,300.158293790918,1,0,9.47321131807006,18,8.02596396911937,2.2587688830566,24,0,31,0,151.774803333992,1.1911327275398,8,2.2478816914652,6.07849935465274,0.743718592964824,0.833333333333333,8,0,1,0,1,1
2,ERIME,scene2_ERIME_run024.mat,348.067405137564,1,0,9.96687205282589,18,8.0109531301129,2.38103332163382,24,0,31,0,171.942956853007,1.34941293731666,8,0.267800517797854,5.11319502010448,0.738693467336683,0.833333333333333,8,0,1,0,1,1
2,ERIME,scene2_ERIME_run025.mat,411.814016114115,1,0,22.8427822050917,27.116958830124,12,2.43573444712103,24,0.195454545454545,31,0,170.941722924184,1.34155522658769,8,0.148623624238269,5.26004004840497,0.733668341708543,1,8,0,1,0,1,1
2,ERIME,scene2_ERIME_run026.mat,319.40593988903,1,0,14.9536372448407,18,12,0.749036269482865,24,0,31,0,154.250396208422,1.21056124681984,8,2.0046517334997,11.9457064660793,0.326633165829146,0.5,8,0,0,0,0,0
2,ERIME,scene2_ERIME_run027.mat,289.167932821167,1,0,29.0344031225213,31.0434911065825,12,3.59818272701762,24,0.9,31,0.0363636363636364,141.100080513765,1.10735721652426,8,9.7865762021772,22.6796893623712,0,0.166666666666667,8,1,0,0,0,1
2,ERIME,scene2_ERIME_run028.mat,296.802046791443,1,0,15.6880235155682,18,12,1.80635987235979,24,0,31,0,150.707975748408,1.18276023603319,8,5.72167163024619,12.3989499994009,0.28643216080402,0.5,8,0,0,0,0,0
2,ERIME,scene2_ERIME_run029.mat,314.97051768519,1,6.21724893790088e-15,8.73194711144508,18,8,1.74573388170057,24,0,31,0,156.081153378116,1.22492907819302,8,0.225444482820834,2.79044063451273,0.924623115577889,1,8,0,1,0,1,1
2,ERIME,scene2_ERIME_run030.mat,298.879805950256,1,0,11.5288158458091,18,9.29125094944389,2.67712197490361,24,0,31,0,150.545973332567,1.18148883672837,8,2.14060893758527,8.05039573445833,0.608040201005025,0.666666666666667,8,0,0,0,1,1
2,MSCSO,scene2_MSCSO_run001.mat,277.086263701857,1,0,27.2280713106616,29.203513437266,12,3.35294799268897,24,0.868181818181818,31,0,141.84504587396,1.11320372465288,8,8.87266107613545,19.5770111392792,0,0.166666666666667,8,1,0,0,0,1
2,MSCSO,scene2_MSCSO_run002.mat,304.17936470404,1,0,23.5945138148956,25.22709368675,12,2.40496067573702,24,0.572727272727273,31,0,153.957231125805,1.20826047938805,8,2.94633706644802,12.8323413540602,0.246231155778894,0.5,8,1,0,0,0,1
2,MSCSO,scene2_MSCSO_run003.mat,305.484842465162,1,0,16.7569946903837,29.1200553372732,11.9421556097569,6.30023034660387,24,0.213636363636364,31,0,140.795668146605,1.1049681801017,8,5.59924117298757,11.5034292943028,0.492462311557789,0.666666666666667,8,0,0,0,1,1
2,MSCSO,scene2_MSCSO_run004.mat,277.029385048112,1,0,27.0578550353839,29.0764449866898,12,3.26434725443571,24,0.868181818181818,31,0,141.04110278553,1.10689435773114,8,8.71132355927591,19.6062190457391,0,0,8,1,0,0,0,1
2,MSCSO,scene2_MSCSO_run005.mat,277.612929680362,1,0,13.0903912602983,18,12,1.09196039403117,24,0,31,0,148.16098449402,1.16277138035216,8,4.62312025481349,10.4384906393896,0.266331658291457,0.333333333333333,8,0,0,0,0,0
2,MSCSO,scene2_MSCSO_run006.mat,294.640639456767,1,0,25.3548900797724,29.5184858747641,12,3.61536645111872,24,0.777272727272727,31,0,141.659779762632,1.11174975124188,8,4.79427783105257,19.9060876771759,0.085427135678392,0.333333333333333,8,1,0,0,0,1
2,MSCSO,scene2_MSCSO_run007.mat,341.434183451591,1,0,24.6881509826803,27.6070057914577,12,3.40101331629461,24,0.718181818181818,31,0,155.039942225384,1.21675762513852,8,6.09432635686206,14.2596904228754,0.0753768844221105,0.333333333333333,8,1,0,0,0,1
2,MSCSO,scene2_MSCSO_run008.mat,317.094660323192,1,0,19.5231352756857,25.2741476998904,12,2.50841712415401,24,0.109090909090909,31,0,150.969407888084,1.18481196247762,8,5.08759921754509,9.92847838109956,0.522613065326633,0.833333333333333,8,0,0,0,1,1
2,MSCSO,scene2_MSCSO_run009.mat,319.526764668198,1,0,25.4256778017673,27.4622506699756,12,3.15874689235977,24,0.813636363636364,31,0,152.256205351944,1.19491078348908,8,7.74201826405254,13.4209882934532,0.0100502512562814,0.166666666666667,8,1,0,0,0,1
2,MSCSO,scene2_MSCSO_run010.mat,277.624780143986,1,0,11.7782162649562,18,10.9762307018476,1.34107331509234,24,0,31,0,148.149001801969,1.16267733986354,8,5.99245411836962,12.879786145856,0.0804020100502513,0.166666666666667,8,0,0,0,0,0
2,MSCSO,scene2_MSCSO_run011.mat,278.013809865068,1,0,15.1711087445315,18,12,1.31104871516695,24,0,31,0,147.374299877974,1.15659745838461,8,5.72153762955522,12.2906317998442,0.150753768844221,0.166666666666667,8,0,0,0,0,0
2,MSCSO,scene2_MSCSO_run012.mat,278.149365001487,1,0,14.1020446669146,18,12,1.42828811531587,24,0,31,0,148.023276419192,1.16169064368724,8,6.12066438075191,10.6282546089689,0.231155778894472,0.5,8,0,0,0,0,0
2,MSCSO,scene2_MSCSO_run013.mat,309.260685712018,1,0,23.5639615318961,29.6356860800549,12,5.87767814912217,24,0.577272727272727,31,0,141.47583613707,1.11030615673465,8,6.03262369011304,19.2229953851112,0.085427135678392,0.333333333333333,8,1,0,0,0,1
2,MSCSO,scene2_MSCSO_run014.mat,283.381220811427,1,0,26.7632425338512,29.1760374608302,12,3.74345741724821,24,0.831818181818182,31,0,140.219800285395,1.10044875368073,8,6.83353163184737,20.4483505605521,0.0150753768844221,0.166666666666667,8,1,0,0,0,1
2,MSCSO,scene2_MSCSO_run015.mat,285.154683224281,1,0,25.7263764365629,29.335597861791,12,3.64784464157291,24,0.659090909090909,31,0,140.37972128283,1.10170381795807,8,6.9458408287131,16.9518961295967,0.100502512562814,0.166666666666667,8,1,0,0,0,1
2,MSCSO,scene2_MSCSO_run016.mat,284.271453472432,1,0,26.8782541397281,30.4672614475512,12,3.65810513831087,24,0.827272727272727,31,0,143.258602332219,1.12429735365237,8,6.85868670066014,18.3157681996016,0.0301507537688442,0.166666666666667,8,1,0,0,0,1
2,MSCSO,scene2_MSCSO_run017.mat,281.953822956237,1,0,13.4496318395951,18,12,1.29754195570786,24,0,31,0,148.458934522806,1.16510970016983,8,4.68243401862432,9.1831836625356,0.341708542713568,0.666666666666667,8,0,0,0,1,1
2,MSCSO,scene2_MSCSO_run018.mat,294.412444842065,1,0,14.4519907937856,18,12,1.32233799451503,24,0,31,0,150.528491222381,1.18135163665871,8,4.08476223480734,13.0503210558921,0.281407035175879,0.333333333333333,8,0,0,0,0,0
2,MSCSO,scene2_MSCSO_run019.mat,279.320910642512,1,0,14.2551855146393,18,12,1.45926321188286,24,0,31,0,147.457892343241,1.15725349429419,8,5.31641752800382,11.6974979126956,0.236180904522613,0.333333333333333,8,0,0,0,0,0
2,MSCSO,scene2_MSCSO_run020.mat,301.461581981077,1,0,24.1785160092735,26.0135373200508,12,2.52135908048866,24,0.790909090909091,31,0,154.194880887158,1.2101255610895,8,3.43778185899631,14.7727277024957,0.150753768844221,0.333333333333333,8,1,0,0,0,1
2,MSCSO,scene2_MSCSO_run021.mat,290.427351551842,1,0,10.5225433581038,18,9.117651244042,2.38718844824801,24,0,31,0,151.038349926826,1.18535302144687,8,2.94805071962404,12.8716499229476,0.175879396984925,0.333333333333333,8,0,0,0,0,0
2,MSCSO,scene2_MSCSO_run022.mat,285.288625437225,1,0,11.1214852024132,18,10.1594302298226,1.5686219752201,24,0,31,0,149.483556576979,1.17315096153387,8,1.20874487859973,9.47461434035296,0.361809045226131,0.333333333333333,8,0,0,0,0,0
2,MSCSO,scene2_MSCSO_run023.mat,300.654228553531,1,0,25.5076533486314,29.1768128683312,12,4.9849390661954,24,0.722727272727273,31,0,146.457540564362,1.14940270670164,8,6.25314753868947,19.5691563531918,0.100502512562814,0.5,8,1,0,0,0,1
2,MSCSO,scene2_MSCSO_run024.mat,288.859841082753,1,0,23.0542309635542,26.2023222633933,12,2.39702304561693,24,0.345454545454545,31,0,149.444419032632,1.17284380903607,8,5.15879083486081,13.3531845773307,0.226130653266332,0.333333333333333,8,0,0,0,0,0
2,MSCSO,scene2_MSCSO_run025.mat,277.089484089615,1,0,26.8198135793219,29.0525122640331,12,3.27424642748211,24,0.859090909090909,31,0,141.476927729734,1.11031472358316,8,8.48720559766346,18.9513362170186,0,0,8,1,0,0,0,1
2,MSCSO,scene2_MSCSO_run026.mat,301.309518542442,1,0,13.2059942994105,18,12,1.12936665339393,24,0,31,0,151.008083646035,1.1851154908634,8,1.59031116712305,4.72919895188447,0.904522613065327,1,8,0,1,0,1,1
2,MSCSO,scene2_MSCSO_run027.mat,277.762809299263,1,0,27.4696964372811,29.2929019210266,12,3.24348146949906,24,0.881818181818182,31,0,140.616245154458,1.10356006364676,8,9.79046163891755,23.5105229113045,0,0,8,1,0,0,0,1
2,MSCSO,scene2_MSCSO_run028.mat,280.618264948889,1,0,13.704709320213,18,12,1.39655992116913,24,0,31,0,147.547427244162,1.15795616659816,8,5.54515746497136,11.8910638517643,0.190954773869347,0.166666666666667,8,0,0,0,0,0
2,MSCSO,scene2_MSCSO_run029.mat,285.434145709615,1,0,26.0441793773586,29.1470378520251,12,4.24316320876479,24,0.754545454545455,31,0,145.773506162898,1.14403438637146,8,6.66303411012035,21.9243192011417,0.0251256281407035,0.166666666666667,8,1,0,0,0,1
2,MSCSO,scene2_MSCSO_run030.mat,280.501611904569,1,0,11.6103051613108,18,10.6987267021361,1.16290137793879,24,0,31,0,147.336583965144,1.15630146288909,8,5.6579828235317,12.2029405591986,0.256281407035176,0.333333333333333,8,0,0,0,0,0
4,GDSAO,scene4_GDSAO_run001.mat,346.598944824965,1,0,12.1117130591315,18,9.55951392134613,1.37933639449312,24,0,25,0,174.0191421144,1.36570689493648,8,0.620877904391079,4.71941972814759,0.758793969849246,0.833333333333333,8,0,1,0,1,1
4,GDSAO,scene4_GDSAO_run002.mat,349.181312899143,1,0,10.3112129207851,18,8.99063106411847,1.46098748320152,24,0,25,0,173.648497128553,1.36279806314594,8,2.29962738846767,5.65974848427993,0.793969849246231,0.833333333333333,8,0,1,0,1,1
4,GDSAO,scene4_GDSAO_run003.mat,346.058093197073,1,0,11.3097228011966,18,9.52063553272752,1.311304695521,24,0,25,0,174.000009094544,1.36555673848345,8,0.39056960731861,4.51234594727404,0.919597989949749,0.833333333333333,8,0,1,0,1,1
4,GDSAO,scene4_GDSAO_run004.mat,342.487217235095,1,0,14.1546114499952,18,11.8570170127635,1.43302953240789,24,0,25,0,173.90587721031,1.36481798893114,8,0.959063125832857,3.62231061130026,0.934673366834171,1,8,0,1,0,1,1
4,GDSAO,scene4_GDSAO_run005.mat,344.628036230319,1,0,18.003247549662,18.7489578565611,12,1.23507612406428,24,0,25,0,173.626679177892,1.36262683528394,8,1.73442469050128,4.91556100395226,0.829145728643216,0.833333333333333,8,0,1,0,1,1
4,GDSAO,scene4_GDSAO_run006.mat,350.928696887066,1,0,11.1251996778229,18,9.45928094318132,1.83370224145264,24,0,25,0,172.913632614063,1.35703082672535,8,4.87975856125761,7.20511473435476,0.673366834170854,0.666666666666667,8,0,1,0,1,1
4,GDSAO,scene4_GDSAO_run007.mat,345.473679403,1,0,9.93790566066075,18,8.19516507590525,2.13004868325176,24,0,25,0,175.845106505529,1.38003711245493,8,0.250879980372375,3.75450403318826,0.959798994974874,1,8,0,1,0,1,1
4,GDSAO,scene4_GDSAO_run008.mat,347.040475137087,1,0,12.2181910180005,18,9.1761075515071,1.73798631344032,24,0,25,0,172.458272878738,1.35345715130864,8,2.57064831794028,5.75794868167354,0.738693467336683,0.833333333333333,8,0,1,0,1,1
4,GDSAO,scene4_GDSAO_run009.mat,358.720387519518,1,0,10.7298730550448,18,9.57434591851515,1.42361254204877,24,0,25,0,176.54750701038,1.38554957045712,8,1.62227564724647,4.51464310159871,0.869346733668342,0.833333333333333,8,0,1,0,1,1
4,GDSAO,scene4_GDSAO_run010.mat,344.983271951907,1,0,14.4723309528153,18,12,1.3591397746907,24,0,25,0,172.823078247892,1.35632015363074,8,3.21952455474155,5.7060762241399,0.768844221105528,0.833333333333333,8,0,1,0,1,1
4,GDSAO,scene4_GDSAO_run011.mat,345.563016423207,1,0,10.2693477662868,18,8.81803712853694,1.7523654863176,24,0,25,0,172.84276882058,1.35647468577335,8,3.76864375203384,5.73421136406588,0.889447236180904,1,8,0,1,0,1,1
4,GDSAO,scene4_GDSAO_run012.mat,348.907641111571,1,0,14.5842349174254,18,11.5652870627818,1.80826493500131,24,0,25,0,172.998448746668,1.35769646600901,8,3.8421888121182,6.76194374747071,0.668341708542714,0.666666666666667,8,0,1,0,1,1
4,GDSAO,scene4_GDSAO_run013.mat,346.659381357319,1,0,13.8851219055193,18,11.9824791668087,0.985980055527246,24,0,25,0,174.029953912929,1.36579174622134,8,0.0265087049294838,3.17100070392515,0.939698492462312,0.833333333333333,8,0,1,0,1,1
4,GDSAO,scene4_GDSAO_run014.mat,347.645348389812,1,0,10.1054569050689,18,9.01507776470639,1.58959187399535,24,0,25,0,176.211744478985,1.38291449710475,8,1.74333531138079,5.1127752347742,0.884422110552764,0.833333333333333,8,0,1,0,1,1
4,GDSAO,scene4_GDSAO_run015.mat,350.835895395657,1,0,12.3560842061524,18,10.8165481606161,1.64601274598802,24,0,25,0,172.285806320048,1.35210362913007,8,2.56506321750205,5.5488352858583,0.864321608040201,1,8,0,1,0,1,1
4,GDSAO,scene4_GDSAO_run016.mat,339.976826954377,1,0,20.2372957038207,21.6729511147381,12,1.99289329653599,24,0,25,0,173.57751088377,1.36224096119286,8,1.43430622093578,4.12232309462645,0.919597989949749,0.833333333333333,8,0,1,0,1,1
4,GDSAO,scene4_GDSAO_run017.mat,343.539128265778,1,0,13.3379249406313,18,12,1.04290036809559,24,0,25,0,172.669055238282,1.35511137692005,8,0.997771561898598,4.55997012395304,0.844221105527638,0.833333333333333,8,0,1,0,1,1
4,GDSAO,scene4_GDSAO_run018.mat,344.377774574265,1,0,14.3149408544347,18,12,1.05977908860701,24,0,25,0,173.048759359393,1.35809130504713,8,0.723966160244527,3.77321940261915,0.909547738693467,1,8,0,1,0,1,1
4,GDSAO,scene4_GDSAO_run019.mat,353.501159168969,1,0,13.05376285744,18,10.9664971582681,2.04513800168955,24,0,25,0,174.040672998036,1.36587586988877,8,1.41014872046262,3.95421689186465,0.934673366834171,1,8,0,1,0,1,1
4,GDSAO,scene4_GDSAO_run020.mat,348.044696302603,1,0,10.2624625150374,18,8.715005732264,1.99669491743086,24,0,25,0,173.572694522407,1.3622031622597,8,1.61319191231188,4.83457563048274,0.924623115577889,1,8,0,1,0,1,1
4,GDSAO,scene4_GDSAO_run021.mat,348.470816989195,1,0,19.0495010802277,21.1662703034448,12,1.42360761346077,24,0,25,0,175.487588941844,1.37723130502563,8,1.26335567432657,3.97125749852097,0.924623115577889,1,8,0,1,0,1,1
4,GDSAO,scene4_GDSAO_run022.mat,345.626744103901,1,0,10.2439005082723,18,8.23748635281216,1.88973253215392,24,0,25,0,173.701716285886,1.36321572852016,8,1.2475578990961,5.37114335147049,0.874371859296482,1,8,0,1,0,1,1
4,GDSAO,scene4_GDSAO_run023.mat,344.533016780262,1,0,17.2054325726676,20.0599161055907,12,2.12673932393267,24,0,25,0,173.051775183534,1.35811497331588,8,1.38414502088962,4.52667252317273,0.874371859296482,0.833333333333333,8,0,1,0,1,1
4,GDSAO,scene4_GDSAO_run024.mat,343.594389587565,1,0,14.1815842024028,18,11.4747450578945,1.91088045239283,24,0,25,0,172.64812969204,1.35494715267187,8,3.30010178425348,5.98890951197979,0.743718592964824,0.833333333333333,8,0,1,0,1,1
4,GDSAO,scene4_GDSAO_run025.mat,343.618492949153,1,0,13.9118178860524,18,12,1.28505447353455,24,0,25,0,173.142448930156,1.35882658331146,8,1.49176862311992,4.85866662311003,0.924623115577889,0.833333333333333,8,0,1,0,1,1
4,GDSAO,scene4_GDSAO_run026.mat,351.187075618881,1,0,11.7687819260223,18,9.9703916174541,1.54985943380419,24,0,25,0,172.622173815666,1.35474345025788,8,4.02465542274125,6.70545149966349,0.628140703517588,0.666666666666667,8,0,0,0,1,1
4,GDSAO,scene4_GDSAO_run027.mat,351.167065249055,1,0,14.7066075761805,18,11.6459684941301,1.65256444728587,24,0,25,0,174.822746543091,1.3720136040475,8,1.44800285416936,5.00038852532627,0.829145728643216,0.833333333333333,8,0,1,0,1,1
4,GDSAO,scene4_GDSAO_run028.mat,342.242703138656,1,0,14.3174238241699,18,12,0.807136399400247,24,0,25,0,172.608335949021,1.35463485030929,8,1.7956008036221,5.77362125339778,0.758793969849246,0.833333333333333,8,0,1,0,1,1
4,GDSAO,scene4_GDSAO_run029.mat,345.39732558553,1,0,14.2357272349884,18,12,1.6067334265626,24,0,25,0,174.602327650027,1.37028375066256,8,0.42476394490663,2.86374104603731,0.964824120603015,1,8,0,1,0,1,1
4,GDSAO,scene4_GDSAO_run030.mat,344.43463388323,1,0,10.931604266507,18,9.45092611244227,1.33929211367068,24,0,25,0,173.603793979798,1.36244723163546,8,1.40275047502977,4.68086334131069,0.869346733668342,0.833333333333333,8,0,1,0,1,1
4,ERIME,scene4_ERIME_run001.mat,347.991685527089,1,1.59872115546023e-14,9.06917581884602,18,8,1.80765273498473,24,0,25,0,174.354040378889,1.36833518549899,8,0.249087782804806,2.98280897945435,0.909547738693467,0.833333333333333,8,0,1,0,1,1
4,ERIME,scene4_ERIME_run002.mat,370.960419379513,1,0,13.628086533215,18,12,1.66704132331905,24,0,25,0,174.359600284032,1.36837881978368,8,0.520353736238366,4.07330366792605,0.939698492462312,1,8,0,1,0,1,1
4,ERIME,scene4_ERIME_run003.mat,365.187464479398,1,6.21724893790088e-15,8.73197468441018,18,8,1.74572396651923,24,0,25,0,163.221626592988,1.28096770350844,8,0.0345924697034209,1.89837310042571,0.924623115577889,1,8,0,1,0,1,1
4,ERIME,scene4_ERIME_run004.mat,348.754203221891,1,0,9.45145768857193,18,8.07554071883946,1.96724062375297,24,0,25,0,173.723382729624,1.36338576735176,8,0.0733533108309475,2.90333099535957,0.889447236180904,0.833333333333333,8,0,1,0,1,1
4,ERIME,scene4_ERIME_run005.mat,331.522109315885,1,1.59872115546023e-14,9.88592244859452,18,8,2.63778716079245,24,0,25,0,152.555634584159,1.19726071213493,8,4.33876889525765,23.5253542717872,0.0703517587939698,0.333333333333333,8,0,0,0,0,0
4,ERIME,scene4_ERIME_run006.mat,346.278925565143,1,0,15.3012490168579,18.1361014355255,12,2.0606447912779,24,0,25,0,174.005090583875,1.36559661814802,8,1.58352455005706,4.69479331062118,0.964824120603015,1,8,0,1,0,1,1
4,ERIME,scene4_ERIME_run007.mat,342.752951381602,1,0,9.15377571536067,18,8.10349051104803,1.81064722670409,24,0,25,0,173.532278593565,1.36188597696609,8,0.170971707293969,2.93807353989279,0.939698492462312,0.833333333333333,8,0,1,0,1,1
4,ERIME,scene4_ERIME_run008.mat,359.305624789482,1,0,9.90792233099636,18,8.92223516300878,1.51942780542747,24,0,25,0,174.798897871506,1.37182643903322,8,2.85168494808448,5.61828754517031,0.894472361809045,0.666666666666667,8,0,1,0,1,1
4,ERIME,scene4_ERIME_run009.mat,379.233470590811,1,0,9.7141870691002,18,8.00000000035678,2.78134414777551,24,0,25,0,178.131848334986,1.39798352366857,8,0.29846426552848,3.37729834982822,0.869346733668342,1,8,0,1,0,1,1
4,ERIME,scene4_ERIME_run010.mat,344.421596155925,1,0,9.01288141930848,18,8.0000000425843,1.79288216991505,24,0,25,0,173.983810925882,1.36542961482133,8,0.433287629927936,2.80124291450281,0.939698492462312,1,8,0,1,0,1,1
4,ERIME,scene4_ERIME_run011.mat,368.27759653239,1,2.22044604925031e-14,9.2163719687623,18,8,1.92928719694563,24,0,25,0,174.742180390506,1.37138131872103,8,0,2.52937743573405,0.934673366834171,0.833333333333333,8,0,1,0,1,1
4,ERIME,scene4_ERIME_run012.mat,358.652416327791,1,0,10.0538817447968,18,9.2744667060805,1.5047200735391,24,0,25,0,175.707347875736,1.37895597903329,8,1.23952736607978,4.14619992323025,0.914572864321608,1,8,0,1,0,1,1
4,ERIME,scene4_ERIME_run013.mat,342.494538051812,1,0,9.40917692208854,18,8.4134465839377,1.72132991463506,24,0,25,0,174.136862699809,1.36663076924832,8,2.08750184281755e-08,3.00973189406516,0.949748743718593,0.833333333333333,8,0,1,0,1,1
4,ERIME,scene4_ERIME_run014.mat,356.412711004994,1,0,8.73659762226482,18,8.00123120510254,1.74398433500797,24,0,25,0,178.255276948208,1.39895219473579,8,0.158467353191909,2.85577511389994,0.954773869346734,1,8,0,1,0,1,1
4,ERIME,scene4_ERIME_run015.mat,414.887565217252,1,1.59872115546023e-14,9.59000222758178,18,8,2.03000053361709,24,0,25,0,176.705647070587,1.38679065789133,8,1.96291134841665,5.41212310680084,0.884422110552764,0.833333333333333,8,0,1,0,1,1
4,ERIME,scene4_ERIME_run016.mat,347.264794683246,1,0,15.1908999840553,18,12,1.05169253029792,24,0,25,0,173.618603669067,1.36256345847408,8,1.58597503800171,5.58511185720865,0.899497487437186,0.833333333333333,8,0,1,0,1,1
4,ERIME,scene4_ERIME_run017.mat,407.592193333394,1,0,23.9925910866618,25.9934501992506,12,3.31576493733547,24,0.718181818181818,25,0.65,181.788896670076,1.42668413709341,8,0.82920410004327,3.88975849879313,0.989949748743719,0.833333333333333,8,1,1,0,1,1
4,ERIME,scene4_ERIME_run018.mat,344.883395602264,1,0,9.91682273148495,18,8.79892427066959,1.65001571979749,24,0,25,0,174.063275989456,1.3660532587717,8,0.306746134463131,3.27274670102398,0.894472361809045,0.833333333333333,8,0,1,0,1,1
4,ERIME,scene4_ERIME_run019.mat,349.300275023994,1,0,10.5672962008644,18,9.20368183851109,1.6186339292497,24,0,25,0,174.087604548746,1.36624418995756,8,1.88060187861339,4.80924119528523,0.874371859296482,0.833333333333333,8,0,1,0,1,1
4,ERIME,scene4_ERIME_run020.mat,373.392878727952,1,0,9.71716459473407,18,8.27224894545627,1.78486988341527,24,0,25,0,180.445921418487,1.41614443129703,8,0.518465929390686,2.6119387744702,0.969849246231156,1,8,0,1,0,1,1
4,ERIME,scene4_ERIME_run021.mat,344.017280035241,1,0,12.7715255100913,18,12,0.938872640356063,24,0,25,0,173.883263525686,1.36464051612765,8,1.86574292303595,5.09545053311556,0.839195979899497,0.833333333333333,8,0,1,0,1,1
4,ERIME,scene4_ERIME_run022.mat,346.394203580121,1,1.59872115546023e-14,9.57966804020828,18,8,2.1713969602478,24,0,25,0,174.237624255744,1.36742154864198,8,6.19292340120428e-08,3.02321685503679,0.964824120603015,0.833333333333333,8,0,1,0,1,1
4,ERIME,scene4_ERIME_run023.mat,350.961597321725,1,0,17.8779461850252,18.3819692784758,12,1.12550507125734,24,0,25,0,175.991743528143,1.38118792374158,8,0,1.46761064672989,0.954773869346734,1,8,0,1,0,1,1
4,ERIME,scene4_ERIME_run024.mat,347.821711249964,1,0,10.1908560723188,18,8.66420236899713,1.71981129530027,24,0,25,0,173.637202796012,1.36270942492122,8,1.67796092550615,5.69665145667433,0.904522613065327,0.833333333333333,8,0,1,0,1,1
4,ERIME,scene4_ERIME_run025.mat,416.27663796393,1,0,9.18476638237553,18,8.26578750994962,1.60530698326588,24,0,25,0,177.77063524328,1.39514871363623,8,0.96382999632252,3.63424156839073,0.979899497487437,1,8,0,1,0,1,1
4,ERIME,scene4_ERIME_run026.mat,374.685833325416,1,0,9.52652546771584,18,8.00000000202561,2.45477100430057,24,0,25,0,176.346814061211,1.38397452680896,8,0.051266786494238,2.89417096086841,0.949748743718593,1,8,0,1,0,1,1
4,ERIME,scene4_ERIME_run027.mat,346.604956888063,1,0,9.1122078109739,18,8.00000025485688,1.73582058113809,24,0,25,0,173.744907613118,1.36355469521478,8,1.0397259471315e-08,2.21041623794707,0.964824120603015,1,8,0,1,0,1,1
4,ERIME,scene4_ERIME_run028.mat,364.723937194115,1,0,12.2929781408992,18,11.4032558389984,1.45782011548426,24,0,25,0,175.466740939229,1.37706768934191,8,1.67942562808601,5.44772402590383,0.879396984924623,0.666666666666667,8,0,1,0,1,1
4,ERIME,scene4_ERIME_run029.mat,376.402380492459,1,0,12.6285834643114,18,10.5667291829909,2.04495584602163,24,0,25,0,174.051684769527,1.3659622905668,8,0.743772573590193,5.09200927231855,0.904522613065327,0.833333333333333,8,0,1,0,1,1
4,ERIME,scene4_ERIME_run030.mat,339.586142681047,1,0,10.4325845289945,18,9.59386973095222,1.45918094001579,24,0,25,0,174.619251640997,1.37041657059763,8,1.24123761930649,4.91962758210481,0.743718592964824,0.833333333333333,8,0,1,0,1,1
4,MSCSO,scene4_MSCSO_run001.mat,336.111727539424,1,0,15.5219908461158,18.0320943620738,12,1.57222763106839,24,0,25,0,171.887813961163,1.3489801744224,8,2.95946132020567,5.22241402872343,0.92964824120603,1,8,0,1,0,1,1
4,MSCSO,scene4_MSCSO_run002.mat,338.363222431784,1,0,21.5364915034061,22.3335276729874,12,1.80553561671346,24,0,25,0,175.602229152069,1.37813100447041,8,2.72405254189217,7.08881690893734,0.457286432160804,0.333333333333333,8,0,0,0,0,0
4,MSCSO,scene4_MSCSO_run003.mat,388.287795260496,1,0,21.459968563307,22.7029609025621,12,1.61690438177962,24,0,25,0,176.735140968746,1.38702212679518,8,3.11803863956399,9.50710636596084,0.14070351758794,0.333333333333333,8,0,0,0,0,0
4,MSCSO,scene4_MSCSO_run004.mat,333.817150663723,1,0,13.3637045878017,18,12,1.31676384385923,24,0,25,0,172.539218323349,1.35409241332911,8,1.4414171546806,5.03512819120331,0.814070351758794,0.833333333333333,8,0,1,0,1,1
4,MSCSO,scene4_MSCSO_run005.mat,320.657317509766,1,0,12.8089751238119,18,11.4441989005368,1.33820095018845,24,0,25,0,157.881495323587,1.23905821007069,8,3.75480374127733,12.9904896554673,0.331658291457286,0.333333333333333,8,0,0,0,0,0
4,MSCSO,scene4_MSCSO_run006.mat,341.787271452176,1,0,13.1466813889412,18,12,1.30861978023905,24,0,25,0,171.605237056241,1.34676250329316,8,3.73536354192413,6.73157898285517,0.949748743718593,0.833333333333333,8,0,1,0,1,1
4,MSCSO,scene4_MSCSO_run007.mat,335.552863841523,1,0,14.5158475783203,18,12,1.05322946949065,24,0,25,0,172.840208175897,1.35645458976519,8,2.19092118636872,4.91917846035005,0.949748743718593,0.833333333333333,8,0,1,0,1,1
4,MSCSO,scene4_MSCSO_run008.mat,340.388018012004,1,0,14.6749122035327,18,12,1.24548911719995,24,0,25,0,173.616567701619,1.36254748014694,8,0.238197703935123,3.07303892411299,0.944723618090452,1,8,0,1,0,1,1
4,MSCSO,scene4_MSCSO_run009.mat,400.810879275257,1,0,15.213547677694,18,11.9102151056607,2.13528017964845,24,0,25,0,175.880184947598,1.38031240900918,8,4.65258561772189,8.85673945717918,0.331658291457286,0.666666666666667,8,0,0,0,1,1
4,MSCSO,scene4_MSCSO_run010.mat,1322.50278542395,0,6,8.750762949513,18,8.01398839709345,1.73826417362287,24,0,25,0,147.603591132921,1.15839694230359,8,0.123314645888018,2.79329053954404,0.924623115577889,1,8,0,1,0,1,1
4,MSCSO,scene4_MSCSO_run011.mat,389.416336736909,1,0,13.5643818577538,18,8.75678161208424,2.58745415194068,24,0,25,0,175.294642346857,1.37571705497287,8,2.85473875624793,9.2291044317433,0.185929648241206,0.5,8,0,0,0,0,0
4,MSCSO,scene4_MSCSO_run012.mat,401.856102334014,1,0,13.2481667568834,18,12,0.987364226631904,24,0,25,0,175.60625723595,1.37816261698075,8,4.21066956956372,6.1695255699417,0.949748743718593,0.833333333333333,8,0,1,0,1,1
4,MSCSO,scene4_MSCSO_run013.mat,335.692181228125,1,0,13.6708280694363,18,12,0.946427091717657,24,0,25,0,173.085052600453,1.35837613537644,8,0.681244008204654,5.33568206513114,0.753768844221106,0.833333333333333,8,0,1,0,1,1
4,MSCSO,scene4_MSCSO_run014.mat,329.738970479548,1,0,13.6113760523854,18,12,0.981187355826688,24,0,25,0,172.856409642814,1.35658173931212,8,1.4115018991564,5.18555022168874,0.864321608040201,0.833333333333333,8,0,1,0,1,1
4,MSCSO,scene4_MSCSO_run015.mat,369.209606184712,1,0,13.6439702998403,18,10.1492220296602,2.97021233456644,24,0,25,0,173.943228650504,1.36511112403564,8,1.29474086422061,5.67821625962399,0.954773869346734,1,8,0,1,0,1,1
4,MSCSO,scene4_MSCSO_run016.mat,322.518845989027,1,0,12.6502987829882,18,11.0742493414389,1.46592734872193,24,0,25,0,159.756514019966,1.2537734070925,8,0.626238982022382,9.27135945955802,0.537688442211055,0.5,8,0,0,0,0,0
4,MSCSO,scene4_MSCSO_run017.mat,381.050278355061,1,0,18.0922335765681,19.3113081284283,12,1.57915990115842,24,0,25,0,173.0153646972,1.35782922284251,8,5.12137004548696,8.87900353450556,0.190954773869347,0.5,8,0,0,0,0,0
4,MSCSO,scene4_MSCSO_run018.mat,457.650933480791,1,0,18.4728971424195,19.2981677160405,12,1.1528034436306,24,0,25,0,188.347253485867,1.47815429729505,8,1.13768900678072,4.03083085884075,0.979899497487437,1,8,0,1,0,1,1
4,MSCSO,scene4_MSCSO_run019.mat,393.630278530367,1,0,8.98725490612604,18,8.13159897435808,1.65801754473782,24,0,25,0,167.065296024336,1.31113292430236,8,1.18492671736124,4.08710715435978,0.924623115577889,1,8,0,1,0,1,1
4,MSCSO,scene4_MSCSO_run020.mat,401.534815140194,1,0,16.4006834425391,18.0010055032744,12,1.06559637905239,24,0,25,0,174.719279434763,1.3712015914061,8,2.78363992349266,9.59538748033368,0.236180904522613,0.5,8,0,0,0,0,0
4,MSCSO,scene4_MSCSO_run021.mat,344.75289885625,1,0,15.3861510532123,18,12,1.57381448992091,24,0,25,0,173.483747552825,1.36150510405664,8,1.01817120723076,3.86985232189374,0.944723618090452,1,8,0,1,0,1,1
4,MSCSO,scene4_MSCSO_run022.mat,387.493154884748,1,0,16.9821001678337,18,12,1.01955418347623,24,0,25,0,174.370596104322,1.36846511527626,8,2.08118422972353,5.55348912778938,0.839195979899497,0.833333333333333,8,0,1,0,1,1
4,MSCSO,scene4_MSCSO_run023.mat,722.451875191443,0,2,20.7246824080057,23.8054347555066,12,2.65039022732979,24,0,25,0,153.76298973173,1.20673606771732,8,5.57570156540204,12.9485287851616,0.281407035175879,0.5,8,0,0,0,0,0
4,MSCSO,scene4_MSCSO_run024.mat,338.302510869781,1,0,22.2729781110139,23.1357950755677,12,1.98164862157383,24,0,25,0,175.024143519434,1.3735941729198,8,3.15167580423964,6.75488437377209,0.587939698492462,0.666666666666667,8,0,0,0,1,1
4,MSCSO,scene4_MSCSO_run025.mat,336.263391101361,1,0,17.0497167748928,18.3217514428597,11.9917869466395,1.79725795954508,24,0,25,0,172.986427979933,1.35760212670924,8,2.13622863641513,4.86533743939511,0.959798994974874,0.833333333333333,8,0,1,0,1,1
4,MSCSO,scene4_MSCSO_run026.mat,333.646048076977,1,0,18.1022976663215,18.5738746717423,12,1.09019331327706,24,0,25,0,174.307807619564,1.36797234956373,8,2.40645059710448,6.83476640586055,0.547738693467337,0.5,8,0,0,0,0,0
4,MSCSO,scene4_MSCSO_run027.mat,308.875239087821,1,0,10.5566874951082,18,9.73780742026324,1.47740048388931,24,0,25,0,156.548737368591,1.22859868989202,8,2.02772142064565,5.00393269953735,0.889447236180904,1,8,0,1,0,1,1
4,MSCSO,scene4_MSCSO_run028.mat,377.171269480006,1,0,18.5599375261816,19.204507289606,12,1.18660564512027,24,0,25,0,173.831184122214,1.36423179557231,8,5.76026303868078,9.39644193947802,0.135678391959799,0.333333333333333,8,0,0,0,0,0
4,MSCSO,scene4_MSCSO_run029.mat,338.896290301541,1,0,13.1084838310267,18,12,1.00181198761011,24,0,25,0,173.69306936996,1.36314786729204,8,0.548397285121908,2.78390868319069,0.964824120603015,1,8,0,1,0,1,1
4,MSCSO,scene4_MSCSO_run030.mat,339.706637911531,1,0,21.9959387407284,22.917100568781,12,1.90531792072137,24,0,25,0,172.922514701844,1.35710053358849,8,1.1267224811421,4.53292023237246,0.879396984924623,0.833333333333333,8,0,1,0,1,1
