Scene,Algorithm,Run,Seed,BestFitness,Runtime,Feasible,Violation,NEvals,FirstFeasibleIter,FirstFeasibleTime,RepairCount,RepairSuccessCount,ViabilityFieldCount,ViabilityFieldSuccessCount,WallClock,Source,PaperScene,AlgorithmOrder
1,AE,1,20270831,964.770056138498,4.503382,0,3,9030,NaN,NaN,NaN,NaN,0,0,0.0011356,formal-main,1,1
1,AE,2,20270832,604.362371511353,4.3660163,0,1,9030,NaN,NaN,NaN,NaN,0,0,0.0012226,formal-main,1,1
1,AE,3,20270833,1119.92249850256,4.388632,0,4,9030,NaN,NaN,NaN,NaN,0,0,0.0021082,formal-main,1,1
1,AE,4,20270834,354.79516955824,4.5165283,1,0,9030,NaN,NaN,NaN,NaN,0,0,0.001272,formal-main,1,1
1,AE,5,20270835,1091.00970755465,4.4884672,0,3,9030,NaN,NaN,NaN,NaN,0,0,0.0010842,formal-main,1,1
1,AE,6,20270836,365.014410119469,4.4640776,1,0,9030,NaN,NaN,NaN,NaN,0,0,0.0010554,formal-main,1,1
1,AE,7,20270837,1070.13197761793,4.4370849,0,4,9030,NaN,NaN,NaN,NaN,0,0,0.0009358,formal-main,1,1
1,AE,8,20270838,755.515199253872,4.4229443,0,2,9030,NaN,NaN,NaN,NaN,0,0,0.0018807,formal-main,1,1
1,AE,9,20270839,1373.05865392838,4.4125835,0,5,9030,NaN,NaN,NaN,NaN,0,0,0.001822,formal-main,1,1
1,AE,10,20270840,994.888005010964,4.4313165,0,4,9030,NaN,NaN,NaN,NaN,0,0,0.0022225,formal-main,1,1
1,AE,11,20270841,361.495343561219,4.4234994,1,0,9030,NaN,NaN,NaN,NaN,0,0,0.0014007,formal-main,1,1
1,AE,12,20270842,981.829954874883,4.3876296,0,4,9030,NaN,NaN,NaN,NaN,0,0,0.001379,formal-main,1,1
1,AE,13,20270843,1027.68597228588,4.4308774,0,3,9030,NaN,NaN,NaN,NaN,0,0,0.0023909,formal-main,1,1
1,AE,14,20270844,802.643344599476,4.3963463,1,0,9030,NaN,NaN,NaN,NaN,0,0,0.0012613,formal-main,1,1
1,AE,15,20270845,353.434255988305,4.451902,1,0,9030,NaN,NaN,NaN,NaN,0,0,0.0019424,formal-main,1,1
1,AE,16,20270846,1071.06098892966,4.4215837,0,4,9030,NaN,NaN,NaN,NaN,0,0,0.0015791,formal-main,1,1
1,AE,17,20270847,1153.21082289984,4.3950548,0,4,9030,NaN,NaN,NaN,NaN,0,0,0.0014915,formal-main,1,1
1,AE,18,20270848,660.819614222831,4.3766066,0,1,9030,NaN,NaN,NaN,NaN,0,0,0.0015169,formal-main,1,1
1,AE,19,20270849,473.048009060274,4.4076529,1,0,9030,NaN,NaN,NaN,NaN,0,0,0.0017767,formal-main,1,1
1,AE,20,20270850,363.291697968961,4.3865585,1,0,9030,NaN,NaN,NaN,NaN,0,0,0.0014953,formal-main,1,1
1,AE,21,20270851,1052.29038780438,4.3967677,0,3,9030,NaN,NaN,NaN,NaN,0,0,0.0014681,formal-main,1,1
1,AE,22,20270852,1241.41406325747,4.3756077,0,4.24399855402939,9030,NaN,NaN,NaN,NaN,0,0,0.0013741,formal-main,1,1
1,AE,23,20270853,383.907270269253,4.3821796,1,0,9030,NaN,NaN,NaN,NaN,0,0,0.0012077,formal-main,1,1
1,AE,24,20270854,761.602791335153,4.3729468,0,1,9030,NaN,NaN,NaN,NaN,0,0,0.001921,formal-main,1,1
1,AE,25,20270855,1091.32166214647,4.3945186,0,4,9030,NaN,NaN,NaN,NaN,0,0,0.0021074,formal-main,1,1
1,AE,26,20270856,1171.9920863516,4.4095492,0,4,9030,NaN,NaN,NaN,NaN,0,0,0.0017675,formal-main,1,1
1,AE,27,20270857,351.162604359631,4.39832,1,0,9030,NaN,NaN,NaN,NaN,0,0,0.0014034,formal-main,1,1
1,AE,28,20270858,425.83432024846,4.3963617,1,0,9030,NaN,NaN,NaN,NaN,0,0,0.0011833,formal-main,1,1
1,AE,29,20270859,854.337636786205,4.3962717,0,3,9030,NaN,NaN,NaN,NaN,0,0,0.0017136,formal-main,1,1
1,AE,30,20270860,1033.92385243555,4.3919865,0,4,9030,NaN,NaN,NaN,NaN,0,0,0.0019171,formal-main,1,1
1,PSO,1,20270931,410.508479688738,4.2911347,1,0,9030,NaN,NaN,NaN,NaN,0,0,0.0016992,formal-main,1,2
1,PSO,2,20270932,270.633620662372,4.2781904,1,0,9030,NaN,NaN,NaN,NaN,0,0,0.0015849,formal-main,1,2
1,PSO,3,20270933,383.591251788985,4.2767617,1,0,9030,NaN,NaN,NaN,NaN,0,0,0.0018069,formal-main,1,2
1,PSO,4,20270934,1131.51377095827,4.2624107,0,4,9030,NaN,NaN,NaN,NaN,0,0,0.0017498,formal-main,1,2
1,PSO,5,20270935,302.331957245292,4.3084372,1,0,9030,NaN,NaN,NaN,NaN,0,0,0.00194,formal-main,1,2
1,PSO,6,20270936,321.58647232183,4.2646131,1,0,9030,NaN,NaN,NaN,NaN,0,0,0.0015669,formal-main,1,2
1,PSO,7,20270937,346.730744341142,4.2848249,1,0,9030,NaN,NaN,NaN,NaN,0,0,0.0014126,formal-main,1,2
1,PSO,8,20270938,280.379653544328,4.2333791,1,0,9030,NaN,NaN,NaN,NaN,0,0,0.0013364,formal-main,1,2
1,PSO,9,20270939,328.483545780227,4.2395811,1,0,9030,NaN,NaN,NaN,NaN,0,0,0.0015182,formal-main,1,2
1,PSO,10,20270940,296.245288332732,4.2345348,1,0,9030,NaN,NaN,NaN,NaN,0,0,0.0014899,formal-main,1,2
1,PSO,11,20270941,320.195360773249,4.2426343,1,0,9030,NaN,NaN,NaN,NaN,0,0,0.0024548,formal-main,1,2
1,PSO,12,20270942,364.457510368968,4.258238,1,0,9030,NaN,NaN,NaN,NaN,0,0,0.0020164,formal-main,1,2
1,PSO,13,20270943,332.342831589366,4.2429244,1,0,9030,NaN,NaN,NaN,NaN,0,0,0.0014941,formal-main,1,2
1,PSO,14,20270944,351.591124662974,4.2364933,1,0,9030,NaN,NaN,NaN,NaN,0,0,0.0016983,formal-main,1,2
1,PSO,15,20270945,313.243392871376,4.2438384,1,0,9030,NaN,NaN,NaN,NaN,0,0,0.0021711,formal-main,1,2
1,PSO,16,20270946,706.797940505877,4.2348443,0,2,9030,NaN,NaN,NaN,NaN,0,0,0.0016818,formal-main,1,2
1,PSO,17,20270947,457.163800928268,4.2686356,0,1,9030,NaN,NaN,NaN,NaN,0,0,0.0020723,formal-main,1,2
1,PSO,18,20270948,425.391840171516,4.25065,1,0,9030,NaN,NaN,NaN,NaN,0,0,0.0009893,formal-main,1,2
1,PSO,19,20270949,338.369187147743,4.2474173,1,1.06581410364015e-13,9030,NaN,NaN,NaN,NaN,0,0,0.000994,formal-main,1,2
1,PSO,20,20270950,344.905999762296,4.2425743,1,0,9030,NaN,NaN,NaN,NaN,0,0,0.0021601,formal-main,1,2
1,PSO,21,20270951,462.925694704446,4.2396545,1,0,9030,NaN,NaN,NaN,NaN,0,0,0.0018472,formal-main,1,2
1,PSO,22,20270952,307.895406183949,4.2498524,1,0,9030,NaN,NaN,NaN,NaN,0,0,0.0023357,formal-main,1,2
1,PSO,23,20270953,309.846174113123,4.2495726,1,0,9030,NaN,NaN,NaN,NaN,0,0,0.001887,formal-main,1,2
1,PSO,24,20270954,331.411853837369,4.2376605,1,0,9030,NaN,NaN,NaN,NaN,0,0,0.0017119,formal-main,1,2
1,PSO,25,20270955,316.58780187675,4.2290052,1,0,9030,NaN,NaN,NaN,NaN,0,0,0.00188,formal-main,1,2
1,PSO,26,20270956,384.447074752639,4.2274569,1,0,9030,NaN,NaN,NaN,NaN,0,0,0.0016738,formal-main,1,2
1,PSO,27,20270957,844.314553512615,4.264008,0,3,9030,NaN,NaN,NaN,NaN,0,0,0.0017201,formal-main,1,2
1,PSO,28,20270958,313.928839222982,4.2391317,1,0,9030,NaN,NaN,NaN,NaN,0,0,0.0013217,formal-main,1,2
1,PSO,29,20270959,307.043009787485,4.2623773,1,7.105427357601e-14,9030,NaN,NaN,NaN,NaN,0,0,0.0011102,formal-main,1,2
1,PSO,30,20270960,320.396316151096,4.2340688,1,0,9030,NaN,NaN,NaN,NaN,0,0,0.0013711,formal-main,1,2
1,GWO,1,20271031,318.23101425286,4.4108684,1,0,9030,NaN,NaN,NaN,NaN,0,0,0.0013989,formal-main,1,3
1,GWO,2,20271032,312.441339141815,4.4069166,1,0,9030,NaN,NaN,NaN,NaN,0,0,0.0020491,formal-main,1,3
1,GWO,3,20271033,331.205380435683,4.4667458,1,0,9030,NaN,NaN,NaN,NaN,0,0,0.0020729,formal-main,1,3
1,GWO,4,20271034,365.081354530309,4.4261402,1,0,9030,NaN,NaN,NaN,NaN,0,0,0.0022781,formal-main,1,3
1,GWO,5,20271035,327.89155114485,4.3911267,1,0,9030,NaN,NaN,NaN,NaN,0,0,0.0015772,formal-main,1,3
1,GWO,6,20271036,313.360195989185,4.3729119,1,0,9030,NaN,NaN,NaN,NaN,0,0,0.0015342,formal-main,1,3
1,GWO,7,20271037,467.737535524682,4.3790018,0,1,9030,NaN,NaN,NaN,NaN,0,0,0.001684,formal-main,1,3
1,GWO,8,20271038,359.689794504658,4.365585,1,0,9030,NaN,NaN,NaN,NaN,0,0,0.0018442,formal-main,1,3
1,GWO,9,20271039,313.421789376164,4.3857734,1,0,9030,NaN,NaN,NaN,NaN,0,0,0.001598,formal-main,1,3
1,GWO,10,20271040,317.149380625347,4.3900589,1,0,9030,NaN,NaN,NaN,NaN,0,0,0.0014448,formal-main,1,3
1,GWO,11,20271041,332.439810318122,4.3795467,1,0,9030,NaN,NaN,NaN,NaN,0,0,0.001359,formal-main,1,3
1,GWO,12,20271042,316.33234956694,4.3749427,1,0,9030,NaN,NaN,NaN,NaN,0,0,0.0021318,formal-main,1,3
1,GWO,13,20271043,326.016616185544,4.3752545,1,0,9030,NaN,NaN,NaN,NaN,0,0,0.0015808,formal-main,1,3
1,GWO,14,20271044,319.353423415779,4.371743,1,0,9030,NaN,NaN,NaN,NaN,0,0,0.0017582,formal-main,1,3
1,GWO,15,20271045,312.238564361339,4.3928134,1,0,9030,NaN,NaN,NaN,NaN,0,0,0.0019809,formal-main,1,3
1,GWO,16,20271046,318.072601320549,4.3742491,1,0,9030,NaN,NaN,NaN,NaN,0,0,0.0019514,formal-main,1,3
1,GWO,17,20271047,356.751719522084,4.4218876,1,0,9030,NaN,NaN,NaN,NaN,0,0,0.0018719,formal-main,1,3
1,GWO,18,20271048,313.87883827095,4.3707775,1,0,9030,NaN,NaN,NaN,NaN,0,0,0.0019533,formal-main,1,3
1,GWO,19,20271049,330.866189714377,4.4005015,1,0,9030,NaN,NaN,NaN,NaN,0,0,0.0020489,formal-main,1,3
1,GWO,20,20271050,331.021220600857,4.373538,1,0,9030,NaN,NaN,NaN,NaN,0,0,0.0016117,formal-main,1,3
1,GWO,21,20271051,337.722150393067,4.4099196,1,0,9030,NaN,NaN,NaN,NaN,0,0,0.0011241,formal-main,1,3
1,GWO,22,20271052,337.976909579213,4.3903001,1,0,9030,NaN,NaN,NaN,NaN,0,0,0.0014695,formal-main,1,3
1,GWO,23,20271053,310.559939540028,4.3868438,1,0,9030,NaN,NaN,NaN,NaN,0,0,0.0019099,formal-main,1,3
1,GWO,24,20271054,336.131151576697,4.3969875,1,0,9030,NaN,NaN,NaN,NaN,0,0,0.001699,formal-main,1,3
1,GWO,25,20271055,336.777761169329,4.3897556,1,0,9030,NaN,NaN,NaN,NaN,0,0,0.0017584,formal-main,1,3
1,GWO,26,20271056,749.790143037798,4.4318286,0,2,9030,NaN,NaN,NaN,NaN,0,0,0.0014533,formal-main,1,3
1,GWO,27,20271057,311.542753898612,4.4804632,1,0,9030,NaN,NaN,NaN,NaN,0,0,0.0012255,formal-main,1,3
1,GWO,28,20271058,312.340842916375,4.4911682,1,0,9030,NaN,NaN,NaN,NaN,0,0,0.0010631,formal-main,1,3
1,GWO,29,20271059,320.794556390896,4.4513219,1,0,9030,NaN,NaN,NaN,NaN,0,0,0.0016392,formal-main,1,3
1,GWO,30,20271060,324.266682223407,4.4631355,1,0,9030,NaN,NaN,NaN,NaN,0,0,0.0020182,formal-main,1,3
1,HHO,1,20271231,1002.27273604355,5.6141386,0,4,11541,NaN,NaN,NaN,NaN,0,0,0.0012328,formal-main,1,4
1,HHO,2,20271232,739.639823060173,5.4073889,0,2,11516,NaN,NaN,NaN,NaN,0,0,0.0013546,formal-main,1,4
1,HHO,3,20271233,390.362535326051,5.2896629,1,0,11241,NaN,NaN,NaN,NaN,0,0,0.0017724,formal-main,1,4
1,HHO,4,20271234,587.226811506288,5.4285874,1,0,11512,NaN,NaN,NaN,NaN,0,0,0.0018721,formal-main,1,4
1,HHO,5,20271235,337.619227350546,5.533319,1,0,11732,NaN,NaN,NaN,NaN,0,0,0.0017145,formal-main,1,4
1,HHO,6,20271236,354.259138131919,5.3858835,1,0,11461,NaN,NaN,NaN,NaN,0,0,0.0016698,formal-main,1,4
1,HHO,7,20271237,354.370682642704,5.3537169,1,0,11370,NaN,NaN,NaN,NaN,0,0,0.0016637,formal-main,1,4
1,HHO,8,20271238,339.178429652251,5.4333305,1,0,11484,NaN,NaN,NaN,NaN,0,0,0.0012836,formal-main,1,4
1,HHO,9,20271239,343.15426966949,5.50638,1,0,11695,NaN,NaN,NaN,NaN,0,0,0.001795,formal-main,1,4
1,HHO,10,20271240,296.77766361536,5.5705733,1,0,11771,NaN,NaN,NaN,NaN,0,0,0.0020343,formal-main,1,4
1,HHO,11,20271241,718.936965300337,5.3095045,0,2,11292,NaN,NaN,NaN,NaN,0,0,0.0010022,formal-main,1,4
1,HHO,12,20271242,344.559573980524,5.3071335,1,0,11278,NaN,NaN,NaN,NaN,0,0,0.0018409,formal-main,1,4
1,HHO,13,20271243,310.965146357622,5.4269991,1,0,11525,NaN,NaN,NaN,NaN,0,0,0.0015544,formal-main,1,4
1,HHO,14,20271244,396.30315097596,5.5011935,1,0,11667,NaN,NaN,NaN,NaN,0,0,0.0012035,formal-main,1,4
1,HHO,15,20271245,746.238705445119,5.3461899,0,2,11386,NaN,NaN,NaN,NaN,0,0,0.0011749,formal-main,1,4
1,HHO,16,20271246,351.012844906678,5.406657,1,0,11422,NaN,NaN,NaN,NaN,0,0,0.0017601,formal-main,1,4
1,HHO,17,20271247,344.873141758855,5.4065012,1,0,11466,NaN,NaN,NaN,NaN,0,0,0.0019833,formal-main,1,4
1,HHO,18,20271248,360.208106499737,5.369894,1,0,11375,NaN,NaN,NaN,NaN,0,0,0.0015197,formal-main,1,4
1,HHO,19,20271249,423.886160145567,5.4149739,1,0,11529,NaN,NaN,NaN,NaN,0,0,0.0019652,formal-main,1,4
1,HHO,20,20271250,346.620793739143,5.3455028,1,0,11370,NaN,NaN,NaN,NaN,0,0,0.0017578,formal-main,1,4
1,HHO,21,20271251,319.346981368829,5.4642053,1,0,11564,NaN,NaN,NaN,NaN,0,0,0.0017487,formal-main,1,4
1,HHO,22,20271252,742.119198912936,5.3880303,0,2,11467,NaN,NaN,NaN,NaN,0,0,0.0017169,formal-main,1,4
1,HHO,23,20271253,321.105031648553,5.3342499,1,0,11364,NaN,NaN,NaN,NaN,0,0,0.0015847,formal-main,1,4
1,HHO,24,20271254,347.234025266232,5.5138447,1,0,11721,NaN,NaN,NaN,NaN,0,0,0.0016482,formal-main,1,4
1,HHO,25,20271255,380.931706727979,5.3640605,1,0,11367,NaN,NaN,NaN,NaN,0,0,0.0016074,formal-main,1,4
1,HHO,26,20271256,365.590129976186,9.1328177,1,0,11518,NaN,NaN,NaN,NaN,0,0,0.0009993,formal-main,1,4
1,HHO,27,20271257,338.42630125602,5.5792718,1,0,11437,NaN,NaN,NaN,NaN,0,0,0.0010607,formal-main,1,4
1,HHO,28,20271258,937.737318215705,12.9930193,0,3,11669,NaN,NaN,NaN,NaN,0,0,0.0018632,formal-main,1,4
1,HHO,29,20271259,360.77549133429,17.7943602,1,0,11457,NaN,NaN,NaN,NaN,0,0,0.0018968,formal-main,1,4
1,HHO,30,20271260,314.993424085543,21.7936714,1,0,11331,NaN,NaN,NaN,NaN,0,0,0.0010714,formal-main,1,4
1,ERIME,1,20270902,324.101743568398,7.550772,1,2.8421709430404e-14,9522,NaN,NaN,NaN,NaN,0,0,7.5718215,recent-improved,1,5
1,ERIME,2,20270903,323.659094851956,8.1862873,1,1.59872115546023e-14,9492,NaN,NaN,NaN,NaN,0,0,8.2163706,recent-improved,1,5
1,ERIME,3,20270904,328.035171949372,8.1508825,1,0,9447,NaN,NaN,NaN,NaN,0,0,8.1772094,recent-improved,1,5
1,ERIME,4,20270905,315.478094055251,8.2530593,1,4.44089209850063e-14,9489,NaN,NaN,NaN,NaN,0,0,8.2729013,recent-improved,1,5
1,ERIME,5,20270906,337.028191438955,6.9976913,1,4.44089209850063e-14,9426,NaN,NaN,NaN,NaN,0,0,7.0276316,recent-improved,1,5
1,ERIME,6,20270907,330.400362705964,6.3376575,1,0,9492,NaN,NaN,NaN,NaN,0,0,6.3604985,recent-improved,1,5
1,ERIME,7,20270908,338.402181489793,5.7317576,1,0,9465,NaN,NaN,NaN,NaN,0,0,5.7490046,recent-improved,1,5
1,ERIME,8,20270909,318.361132818697,6.8133819,1,0,9474,NaN,NaN,NaN,NaN,0,0,6.83691,recent-improved,1,5
1,ERIME,9,20270910,318.964835584385,6.0462369,1,4.44089209850063e-14,9438,NaN,NaN,NaN,NaN,0,0,6.0651424,recent-improved,1,5
1,ERIME,10,20270911,317.490400800344,7.4503656,1,0,9510,NaN,NaN,NaN,NaN,0,0,7.4734528,recent-improved,1,5
1,ERIME,11,20270912,345.643792205414,6.151689,1,1.59872115546023e-14,9471,NaN,NaN,NaN,NaN,0,0,6.1743972,recent-improved,1,5
1,ERIME,12,20270913,341.773728226736,6.0012326,1,0,9435,NaN,NaN,NaN,NaN,0,0,6.0270356,recent-improved,1,5
1,ERIME,13,20270914,311.80841846752,6.3428563,1,0,9510,NaN,NaN,NaN,NaN,0,0,6.3613089,recent-improved,1,5
1,ERIME,14,20270915,300.371442797895,6.5534279,1,0,9471,NaN,NaN,NaN,NaN,0,0,6.5747538,recent-improved,1,5
1,ERIME,15,20270916,339.590185133154,6.6487725,1,0,9480,NaN,NaN,NaN,NaN,0,0,6.6723183,recent-improved,1,5
1,ERIME,16,20270917,329.168017045557,6.5710986,1,0,9492,NaN,NaN,NaN,NaN,0,0,6.5912978,recent-improved,1,5
1,ERIME,17,20270918,318.351657601643,6.3139964,1,4.44089209850063e-14,9513,NaN,NaN,NaN,NaN,0,0,6.3383651,recent-improved,1,5
1,ERIME,18,20270919,307.230052955024,7.263477,1,0,9495,NaN,NaN,NaN,NaN,0,0,7.2841826,recent-improved,1,5
1,ERIME,19,20270920,349.852102988485,6.9851394,1,0,9477,NaN,NaN,NaN,NaN,0,0,7.0088453,recent-improved,1,5
1,ERIME,20,20270921,329.613118738675,6.760009,1,0,9528,NaN,NaN,NaN,NaN,0,0,6.7780092,recent-improved,1,5
1,ERIME,21,20270922,312.493055020885,6.6851498,1,0,9564,NaN,NaN,NaN,NaN,0,0,6.7048159,recent-improved,1,5
1,ERIME,22,20270923,317.363741857541,6.7767392,1,0,9468,NaN,NaN,NaN,NaN,0,0,6.7962987,recent-improved,1,5
1,ERIME,23,20270924,318.57088324365,6.3333106,1,6.21724893790088e-15,9501,NaN,NaN,NaN,NaN,0,0,6.3517663,recent-improved,1,5
1,ERIME,24,20270925,316.004830806713,7.0595407,1,0,9453,NaN,NaN,NaN,NaN,0,0,7.0771402,recent-improved,1,5
1,ERIME,25,20270926,325.12468975075,6.7869143,1,0,9459,NaN,NaN,NaN,NaN,0,0,6.8047048,recent-improved,1,5
1,ERIME,26,20270927,312.005486919727,7.0269489,1,4.44089209850063e-14,9492,NaN,NaN,NaN,NaN,0,0,7.051299,recent-improved,1,5
1,ERIME,27,20270928,325.759771149191,6.5680939,1,0,9486,NaN,NaN,NaN,NaN,0,0,6.5974449,recent-improved,1,5
1,ERIME,28,20270929,310.180573980794,6.8089569,1,0,9498,NaN,NaN,NaN,NaN,0,0,6.8349485,recent-improved,1,5
1,ERIME,29,20270930,315.062365558511,6.4706313,1,0,9459,NaN,NaN,NaN,NaN,0,0,6.4937135,recent-improved,1,5
1,ERIME,30,20270931,311.788799143039,7.0192009,1,0,9483,NaN,NaN,NaN,NaN,0,0,7.0414429,recent-improved,1,5
1,MSCSO,1,20271002,305.621159331696,13.4709785,1,0,21486,NaN,NaN,NaN,NaN,0,0,13.4890211,recent-improved,1,6
1,MSCSO,2,20271003,296.744554083507,14.3155534,1,0,21410,NaN,NaN,NaN,NaN,0,0,14.3353277,recent-improved,1,6
1,MSCSO,3,20271004,304.547064617223,13.284936,1,0,21488,NaN,NaN,NaN,NaN,0,0,13.315124,recent-improved,1,6
1,MSCSO,4,20271005,299.370553034263,14.3473378,1,0,21568,NaN,NaN,NaN,NaN,0,0,14.3662862,recent-improved,1,6
1,MSCSO,5,20271006,322.9667341447,13.3706907,1,0,21440,NaN,NaN,NaN,NaN,0,0,13.3942122,recent-improved,1,6
1,MSCSO,6,20271007,311.006268535922,13.7394886,1,0,21400,NaN,NaN,NaN,NaN,0,0,13.7577461,recent-improved,1,6
1,MSCSO,7,20271008,307.981424823645,13.4399114,1,0,21383,NaN,NaN,NaN,NaN,0,0,13.4574203,recent-improved,1,6
1,MSCSO,8,20271009,337.559480377009,13.8989747,1,0,21400,NaN,NaN,NaN,NaN,0,0,13.9221361,recent-improved,1,6
1,MSCSO,9,20271010,311.430367953835,13.7189703,1,0,21426,NaN,NaN,NaN,NaN,0,0,13.7363734,recent-improved,1,6
1,MSCSO,10,20271011,297.830731198576,13.3983584,1,0,21426,NaN,NaN,NaN,NaN,0,0,13.4206916,recent-improved,1,6
1,MSCSO,11,20271012,303.822765639444,14.1198142,1,0,21351,NaN,NaN,NaN,NaN,0,0,14.1466797,recent-improved,1,6
1,MSCSO,12,20271013,303.609880660127,12.9774195,1,0,21464,NaN,NaN,NaN,NaN,0,0,13.0047098,recent-improved,1,6
1,MSCSO,13,20271014,308.939509694879,12.7324945,1,0,21439,NaN,NaN,NaN,NaN,0,0,12.7498827,recent-improved,1,6
1,MSCSO,14,20271015,311.171800435782,12.3118899,1,0,21386,NaN,NaN,NaN,NaN,0,0,12.3300508,recent-improved,1,6
1,MSCSO,15,20271016,343.384527563339,12.1914432,1,0,21481,NaN,NaN,NaN,NaN,0,0,12.2151403,recent-improved,1,6
1,MSCSO,16,20271017,308.083658045151,13.0020998,1,0,21400,NaN,NaN,NaN,NaN,0,0,13.020541,recent-improved,1,6
1,MSCSO,17,20271018,308.310687632826,12.2181516,1,0,21486,NaN,NaN,NaN,NaN,0,0,12.2360507,recent-improved,1,6
1,MSCSO,18,20271019,310.059768047681,12.9241546,1,0,21403,NaN,NaN,NaN,NaN,0,0,12.9423757,recent-improved,1,6
1,MSCSO,19,20271020,329.80665349773,13.5667024,1,0,21527,NaN,NaN,NaN,NaN,0,0,13.5857432,recent-improved,1,6
1,MSCSO,20,20271021,300.926805367272,13.7226662,1,0,21432,NaN,NaN,NaN,NaN,0,0,13.7478136,recent-improved,1,6
1,MSCSO,21,20271022,310.358976078258,13.7223185,1,0,21484,NaN,NaN,NaN,NaN,0,0,13.7434954,recent-improved,1,6
1,MSCSO,22,20271023,308.893810351557,13.9946604,1,0,21437,NaN,NaN,NaN,NaN,0,0,14.017871,recent-improved,1,6
1,MSCSO,23,20271024,349.268103434637,13.2536943,1,0,21483,NaN,NaN,NaN,NaN,0,0,13.2777955,recent-improved,1,6
1,MSCSO,24,20271025,307.879489688752,13.0147654,1,0,21560,NaN,NaN,NaN,NaN,0,0,13.0379009,recent-improved,1,6
1,MSCSO,25,20271026,296.483591054326,13.6380838,1,0,21502,NaN,NaN,NaN,NaN,0,0,13.656681,recent-improved,1,6
1,MSCSO,26,20271027,313.139692442178,13.1524738,1,0,21460,NaN,NaN,NaN,NaN,0,0,13.170505,recent-improved,1,6
1,MSCSO,27,20271028,388.121527402022,13.4930785,1,0,21437,NaN,NaN,NaN,NaN,0,0,13.5149118,recent-improved,1,6
1,MSCSO,28,20271029,296.483455550281,12.4681534,1,0,21513,NaN,NaN,NaN,NaN,0,0,12.4881224,recent-improved,1,6
1,MSCSO,29,20271030,311.710063282562,12.8766429,1,0,21347,NaN,NaN,NaN,NaN,0,0,12.8941245,recent-improved,1,6
1,MSCSO,30,20271031,324.846844068973,13.1700532,1,0,21453,NaN,NaN,NaN,NaN,0,0,13.194429,recent-improved,1,6
1,CVF-AE,1,20270731,296.574506923489,6.3968553,1,0,9568,0,0.2379902,516,194,22,21,0.0065762,formal-main,1,7
1,CVF-AE,2,20270732,298.506821389739,5.9883084,1,0,9564,0,0.0425458,515,139,19,14,0.0023105,formal-main,1,7
1,CVF-AE,3,20270733,295.996239136792,5.939979,1,0,9563,0,0.0315167,515,159,18,14,0.0032155,formal-main,1,7
1,CVF-AE,4,20270734,294.442362642541,5.9244567,1,0,9573,0,0.0286174,516,115,27,26,0.0034421,formal-main,1,7
1,CVF-AE,5,20270735,301.257025247525,5.891932,1,0,9567,0,0.0339068,515,152,22,17,0.0038653,formal-main,1,7
1,CVF-AE,6,20270736,302.668740879568,5.978704,1,0,9602,21,0.4093106,517,119,55,52,0.0028654,formal-main,1,7
1,CVF-AE,7,20270737,298.652379481839,5.9377069,1,0,9606,26,0.4836557,517,188,59,53,0.0024956,formal-main,1,7
1,CVF-AE,8,20270738,301.265288020359,5.9064239,1,0,9560,0,0.0280441,511,123,19,18,0.0026519,formal-main,1,7
1,CVF-AE,9,20270739,300.047950753167,5.8801436,1,0,9563,0,0.0244536,512,118,21,18,0.0021919,formal-main,1,7
1,CVF-AE,10,20270740,291.998598328339,5.8949411,1,0,9564,0,0.0292481,514,140,20,19,0.0017731,formal-main,1,7
1,CVF-AE,11,20270741,300.345445259373,5.9244589,1,0,9567,0,0.0256846,515,137,22,22,0.0020902,formal-main,1,7
1,CVF-AE,12,20270742,297.064635664865,5.8746172,1,0,9572,0,0.0262016,516,136,26,24,0.0021737,formal-main,1,7
1,CVF-AE,13,20270743,297.279107194127,5.8810258,1,0,9566,2,0.0597963,517,196,19,17,0.002879,formal-main,1,7
1,CVF-AE,14,20270744,296.134087898947,5.9499162,1,0,9576,0,0.0301789,517,151,29,28,0.0019983,formal-main,1,7
1,CVF-AE,15,20270745,300.563633363141,5.9036685,1,0,9572,6,0.1414152,517,160,25,22,0.0019293,formal-main,1,7
1,CVF-AE,16,20270746,301.38890554116,5.8756304,1,0,9555,0,0.0244809,512,138,13,13,0.0019177,formal-main,1,7
1,CVF-AE,17,20270747,300.457491865061,5.8390385,1,0,9567,0,0.0286602,514,125,23,19,0.001947,formal-main,1,7
1,CVF-AE,18,20270748,296.887568494884,5.8487407,1,0,9556,0,0.0212104,513,153,13,11,0.0018297,formal-main,1,7
1,CVF-AE,19,20270749,297.548644241493,5.8901369,1,0,9570,1,0.0435797,517,132,23,22,0.0020654,formal-main,1,7
1,CVF-AE,20,20270750,299.240913426943,5.8584647,1,0,9561,0,0.0300464,513,122,18,18,0.0016993,formal-main,1,7
1,CVF-AE,21,20270751,296.797772447259,5.877719,1,0,9564,0,0.026773,515,136,19,19,0.0013787,formal-main,1,7
1,CVF-AE,22,20270752,301.094434082525,5.8425733,1,0,9553,0,0.021456,513,171,10,10,0.001206,formal-main,1,7
1,CVF-AE,23,20270753,290.880057926434,5.9200378,1,0,9597,19,0.3643532,517,137,50,45,0.0017038,formal-main,1,7
1,CVF-AE,24,20270754,296.080773701898,5.9260142,1,0,9566,0,0.0275212,516,121,20,19,0.0023522,formal-main,1,7
1,CVF-AE,25,20270755,297.020170645782,6.0693385,1,0,9563,0,0.0247723,515,172,18,17,0.0023252,formal-main,1,7
1,CVF-AE,26,20270756,296.106625570864,5.9533352,1,0,9563,0,0.0307175,516,145,17,15,0.0013982,formal-main,1,7
1,CVF-AE,27,20270757,298.150698236117,5.9713528,1,0,9579,0,0.0282447,516,128,33,28,0.0028163,formal-main,1,7
1,CVF-AE,28,20270758,298.793556310867,6.031663,1,0,9559,1,0.0427197,516,155,13,12,0.0023735,formal-main,1,7
1,CVF-AE,29,20270759,301.530278915624,5.959662,1,0,9562,0,0.0245853,512,106,20,19,0.0024049,formal-main,1,7
1,CVF-AE,30,20270760,299.361222582617,6.0335243,1,0,9569,0,0.0273587,514,102,25,22,0.0015975,formal-main,1,7
2,AE,1,20280831,1839.01688656664,5.07093,0,8,9030,NaN,NaN,NaN,NaN,0,0,0.001734,formal-main,2,1
2,AE,2,20280832,1168.4245417644,5.1171055,0,5,9030,NaN,NaN,NaN,NaN,0,0,0.0018439,formal-main,2,1
2,AE,3,20280833,1395.54820573087,4.9796535,0,6,9030,NaN,NaN,NaN,NaN,0,0,0.0015826,formal-main,2,1
2,AE,4,20280834,1896.02898124043,4.9296962,0,9,9030,NaN,NaN,NaN,NaN,0,0,0.0017177,formal-main,2,1
2,AE,5,20280835,1452.75340289471,4.9282211,0,6,9030,NaN,NaN,NaN,NaN,0,0,0.0016959,formal-main,2,1
2,AE,6,20280836,1649.35908273057,4.922206,0,8,9030,NaN,NaN,NaN,NaN,0,0,0.0015748,formal-main,2,1
2,AE,7,20280837,1932.52352495752,4.7539616,0,9,9030,NaN,NaN,NaN,NaN,0,0,0.0011614,formal-main,2,1
2,AE,8,20280838,2060.21735755192,5.0106707,0,10,9030,NaN,NaN,NaN,NaN,0,0,0.0017397,formal-main,2,1
2,AE,9,20280839,1805.88449748266,4.9854861,0,9,9030,NaN,NaN,NaN,NaN,0,0,0.0014436,formal-main,2,1
2,AE,10,20280840,1780.53993684029,5.0746504,0,8,9030,NaN,NaN,NaN,NaN,0,0,0.0014053,formal-main,2,1
2,AE,11,20280841,1857.99798804745,4.990223,0,9,9030,NaN,NaN,NaN,NaN,0,0,0.0018093,formal-main,2,1
2,AE,12,20280842,1102.82407832753,5.6962079,0,3,9030,NaN,NaN,NaN,NaN,0,0,0.0009072,formal-main,2,1
2,AE,13,20280843,1923.89641496628,5.258425,0,9,9030,NaN,NaN,NaN,NaN,0,0,0.001731,formal-main,2,1
2,AE,14,20280844,1854.32208810392,4.9423849,0,8,9030,NaN,NaN,NaN,NaN,0,0,0.0018168,formal-main,2,1
2,AE,15,20280845,2327.61028010971,5.0073353,0,12,9030,NaN,NaN,NaN,NaN,0,0,0.0016689,formal-main,2,1
2,AE,16,20280846,2272.67879711434,4.9715929,0,9,9030,NaN,NaN,NaN,NaN,0,0,0.0014603,formal-main,2,1
2,AE,17,20280847,1098.55787366242,4.9545151,0,5,9030,NaN,NaN,NaN,NaN,0,0,0.001969,formal-main,2,1
2,AE,18,20280848,1696.66928752481,4.9096912,0,8.13494439423783,9030,NaN,NaN,NaN,NaN,0,0,0.0016955,formal-main,2,1
2,AE,19,20280849,1407.85556184218,4.8757049,0,5,9030,NaN,NaN,NaN,NaN,0,0,0.0012864,formal-main,2,1
2,AE,20,20280850,1852.43856818251,4.8223796,0,9,9030,NaN,NaN,NaN,NaN,0,0,0.0016037,formal-main,2,1
2,AE,21,20280851,1802.96719443254,5.497486,0,8,9030,NaN,NaN,NaN,NaN,0,0,0.0013732,formal-main,2,1
2,AE,22,20280852,938.889560911234,5.5996026,0,4,9030,NaN,NaN,NaN,NaN,0,0,0.0014524,formal-main,2,1
2,AE,23,20280853,828.248705902654,5.5159315,0,3,9030,NaN,NaN,NaN,NaN,0,0,0.0016291,formal-main,2,1
2,AE,24,20280854,2159.41216136612,5.6573633,0,10,9030,NaN,NaN,NaN,NaN,0,0,0.0015623,formal-main,2,1
2,AE,25,20280855,1633.81816298348,5.9353867,0,8,9030,NaN,NaN,NaN,NaN,0,0,0.0012052,formal-main,2,1
2,AE,26,20280856,2317.40538192897,5.9956923,0,11,9030,NaN,NaN,NaN,NaN,0,0,0.0014696,formal-main,2,1
2,AE,27,20280857,827.588900958427,5.7656364,0,3,9030,NaN,NaN,NaN,NaN,0,0,0.0013687,formal-main,2,1
2,AE,28,20280858,1551.2227783777,5.6725347,0,7,9030,NaN,NaN,NaN,NaN,0,0,0.0014449,formal-main,2,1
2,AE,29,20280859,2022.40567573423,6.1430845,0,10,9030,NaN,NaN,NaN,NaN,0,0,0.0012849,formal-main,2,1
2,AE,30,20280860,1595.021265911,5.5687294,0,8,9030,NaN,NaN,NaN,NaN,0,0,0.0011312,formal-main,2,1
2,PSO,1,20280931,1042.85468773599,6.3424342,0,4,9030,NaN,NaN,NaN,NaN,0,0,0.0013005,formal-main,2,2
2,PSO,2,20280932,774.31053746748,5.5147322,0,3,9030,NaN,NaN,NaN,NaN,0,0,0.0015169,formal-main,2,2
2,PSO,3,20280933,958.207962109167,5.5012055,0,2,9030,NaN,NaN,NaN,NaN,0,0,0.0016728,formal-main,2,2
2,PSO,4,20280934,353.219216478804,5.273217,1,3.5527136788005e-14,9030,NaN,NaN,NaN,NaN,0,0,0.0014472,formal-main,2,2
2,PSO,5,20280935,282.860249636185,5.320171,1,0,9030,NaN,NaN,NaN,NaN,0,0,0.0011922,formal-main,2,2
2,PSO,6,20280936,777.750775581225,5.5296068,0,3,9030,NaN,NaN,NaN,NaN,0,0,0.0017492,formal-main,2,2
2,PSO,7,20280937,424.077286651537,5.2118145,1,0,9030,NaN,NaN,NaN,NaN,0,0,0.0010664,formal-main,2,2
2,PSO,8,20280938,1006.80796449761,4.8912038,0,3,9030,NaN,NaN,NaN,NaN,0,0,0.0019759,formal-main,2,2
2,PSO,9,20280939,2008.90666907556,4.789922,0,10,9030,NaN,NaN,NaN,NaN,0,0,0.0017693,formal-main,2,2
2,PSO,10,20280940,1075.53581814694,4.6868801,0,5,9030,NaN,NaN,NaN,NaN,0,0,0.0014888,formal-main,2,2
2,PSO,11,20280941,283.228553208535,4.7589943,1,0,9030,NaN,NaN,NaN,NaN,0,0,0.0019431,formal-main,2,2
2,PSO,12,20280942,851.66178887413,4.8521976,0,3,9030,NaN,NaN,NaN,NaN,0,0,0.0013722,formal-main,2,2
2,PSO,13,20280943,786.932231441405,4.7988604,0,3,9030,NaN,NaN,NaN,NaN,0,0,0.0018318,formal-main,2,2
2,PSO,14,20280944,280.565779988119,4.8390139,1,0,9030,NaN,NaN,NaN,NaN,0,0,0.001626,formal-main,2,2
2,PSO,15,20280945,854.584280283212,4.7725707,0,3,9030,NaN,NaN,NaN,NaN,0,0,0.001315,formal-main,2,2
2,PSO,16,20280946,890.358949422039,4.7544216,0,3,9030,NaN,NaN,NaN,NaN,0,0,0.0014775,formal-main,2,2
2,PSO,17,20280947,1029.95609251386,5.0307076,0,3,9030,NaN,NaN,NaN,NaN,0,0,0.0015097,formal-main,2,2
2,PSO,18,20280948,641.769867919395,4.9043301,0,2,9030,NaN,NaN,NaN,NaN,0,0,0.0012984,formal-main,2,2
2,PSO,19,20280949,288.013235857244,5.0677978,1,0,9030,NaN,NaN,NaN,NaN,0,0,0.0015089,formal-main,2,2
2,PSO,20,20280950,770.193035294185,4.9329951,0,3,9030,NaN,NaN,NaN,NaN,0,0,0.0014354,formal-main,2,2
2,PSO,21,20280951,414.071672023244,4.9229843,1,0,9030,NaN,NaN,NaN,NaN,0,0,0.0013858,formal-main,2,2
2,PSO,22,20280952,655.742171766313,4.8255091,1,0,9030,NaN,NaN,NaN,NaN,0,0,0.001224,formal-main,2,2
2,PSO,23,20280953,303.556291295368,4.8836157,1,0,9030,NaN,NaN,NaN,NaN,0,0,0.0008298,formal-main,2,2
2,PSO,24,20280954,335.081036395909,4.9301015,1,0,9030,NaN,NaN,NaN,NaN,0,0,0.001334,formal-main,2,2
2,PSO,25,20280955,294.321843500823,4.9766396,1,0,9030,NaN,NaN,NaN,NaN,0,0,0.0014661,formal-main,2,2
2,PSO,26,20280956,795.891918601154,5.1111308,0,3,9030,NaN,NaN,NaN,NaN,0,0,0.0016966,formal-main,2,2
2,PSO,27,20280957,355.058760918145,4.5389627,1,0,9030,NaN,NaN,NaN,NaN,0,0,0.0015795,formal-main,2,2
2,PSO,28,20280958,293.528998135032,4.5108773,1,3.5527136788005e-14,9030,NaN,NaN,NaN,NaN,0,0,0.0012526,formal-main,2,2
2,PSO,29,20280959,1672.20224368197,5.1992124,0,7,9030,NaN,NaN,NaN,NaN,0,0,0.0010533,formal-main,2,2
2,PSO,30,20280960,1397.21991894793,5.5288499,0,6,9030,NaN,NaN,NaN,NaN,0,0,0.0014099,formal-main,2,2
2,GWO,1,20281031,298.054230854635,5.8612912,1,0,9030,NaN,NaN,NaN,NaN,0,0,0.0009468,formal-main,2,3
2,GWO,2,20281032,301.264766693809,5.6301931,1,0,9030,NaN,NaN,NaN,NaN,0,0,0.0015167,formal-main,2,3
2,GWO,3,20281033,292.489339704633,5.9058246,1,0,9030,NaN,NaN,NaN,NaN,0,0,0.0015745,formal-main,2,3
2,GWO,4,20281034,396.492963045138,5.5294761,1,0,9030,NaN,NaN,NaN,NaN,0,0,0.0017983,formal-main,2,3
2,GWO,5,20281035,307.824421635945,5.6582386,1,0,9030,NaN,NaN,NaN,NaN,0,0,0.0015141,formal-main,2,3
2,GWO,6,20281036,368.199367080571,6.2379295,1,0,9030,NaN,NaN,NaN,NaN,0,0,0.0011888,formal-main,2,3
2,GWO,7,20281037,326.131030767758,6.0098547,1,0,9030,NaN,NaN,NaN,NaN,0,0,0.0016174,formal-main,2,3
2,GWO,8,20281038,368.539489406259,5.835205,1,0,9030,NaN,NaN,NaN,NaN,0,0,0.0015837,formal-main,2,3
2,GWO,9,20281039,354.378645075524,5.5250157,1,0,9030,NaN,NaN,NaN,NaN,0,0,0.0015477,formal-main,2,3
2,GWO,10,20281040,289.663405841686,5.4150112,1,0,9030,NaN,NaN,NaN,NaN,0,0,0.0015157,formal-main,2,3
2,GWO,11,20281041,370.78349395356,5.7508297,1,0,9030,NaN,NaN,NaN,NaN,0,0,0.0016087,formal-main,2,3
2,GWO,12,20281042,388.38237912929,5.809104,1,0,9030,NaN,NaN,NaN,NaN,0,0,0.0021059,formal-main,2,3
2,GWO,13,20281043,307.556384582751,5.8456366,1,0,9030,NaN,NaN,NaN,NaN,0,0,0.0011916,formal-main,2,3
2,GWO,14,20281044,378.958462749737,5.6366458,1,0,9030,NaN,NaN,NaN,NaN,0,0,0.0010223,formal-main,2,3
2,GWO,15,20281045,298.553156354886,5.4072294,1,0,9030,NaN,NaN,NaN,NaN,0,0,0.0015605,formal-main,2,3
2,GWO,16,20281046,350.155013866227,5.9721545,1,0,9030,NaN,NaN,NaN,NaN,0,0,0.0017079,formal-main,2,3
2,GWO,17,20281047,327.798539150481,5.5453056,1,0,9030,NaN,NaN,NaN,NaN,0,0,0.0010542,formal-main,2,3
2,GWO,18,20281048,310.185252184544,5.9128793,1,0,9030,NaN,NaN,NaN,NaN,0,0,0.001435,formal-main,2,3
2,GWO,19,20281049,412.378334732987,5.9005065,1,0,9030,NaN,NaN,NaN,NaN,0,0,0.0013883,formal-main,2,3
2,GWO,20,20281050,380.117155846951,5.3521658,1,0,9030,NaN,NaN,NaN,NaN,0,0,0.0016239,formal-main,2,3
2,GWO,21,20281051,293.96255135696,5.049285,1,0,9030,NaN,NaN,NaN,NaN,0,0,0.0014717,formal-main,2,3
2,GWO,22,20281052,415.14198177526,5.5391147,1,0,9030,NaN,NaN,NaN,NaN,0,0,0.0019932,formal-main,2,3
2,GWO,23,20281053,313.102312413718,5.7382189,1,0,9030,NaN,NaN,NaN,NaN,0,0,0.0016308,formal-main,2,3
2,GWO,24,20281054,372.955270547578,5.5833237,1,0,9030,NaN,NaN,NaN,NaN,0,0,0.0013235,formal-main,2,3
2,GWO,25,20281055,351.347656403109,5.7857761,1,0,9030,NaN,NaN,NaN,NaN,0,0,0.0013851,formal-main,2,3
2,GWO,26,20281056,348.291454182054,5.517736,1,0,9030,NaN,NaN,NaN,NaN,0,0,0.0009927,formal-main,2,3
2,GWO,27,20281057,346.270283775363,5.2564772,1,0,9030,NaN,NaN,NaN,NaN,0,0,0.0010765,formal-main,2,3
2,GWO,28,20281058,367.926593033299,5.8852332,1,0,9030,NaN,NaN,NaN,NaN,0,0,0.0008356,formal-main,2,3
2,GWO,29,20281059,297.831282601448,6.0495554,1,0,9030,NaN,NaN,NaN,NaN,0,0,0.0010618,formal-main,2,3
2,GWO,30,20281060,300.098396172452,5.8577004,1,0,9030,NaN,NaN,NaN,NaN,0,0,0.0008505,formal-main,2,3
2,HHO,1,20281231,433.149125280659,6.7655353,1,0,11601,NaN,NaN,NaN,NaN,0,0,0.001112,formal-main,2,4
2,HHO,2,20281232,300.469548586099,5.7587696,1,0,11319,NaN,NaN,NaN,NaN,0,0,0.0008358,formal-main,2,4
2,HHO,3,20281233,357.933759169582,5.8878162,1,0,11243,NaN,NaN,NaN,NaN,0,0,0.0015104,formal-main,2,4
2,HHO,4,20281234,292.036074262506,6.7910454,1,0,11310,NaN,NaN,NaN,NaN,0,0,0.0014802,formal-main,2,4
2,HHO,5,20281235,412.189330359534,7.2097364,1,0,11469,NaN,NaN,NaN,NaN,0,0,0.0012872,formal-main,2,4
2,HHO,6,20281236,334.631160693788,6.5932798,1,0,11387,NaN,NaN,NaN,NaN,0,0,0.00137,formal-main,2,4
2,HHO,7,20281237,368.669068477831,6.9576203,1,0,11575,NaN,NaN,NaN,NaN,0,0,0.0008144,formal-main,2,4
2,HHO,8,20281238,350.20569050929,6.6403298,1,0,11444,NaN,NaN,NaN,NaN,0,0,0.0013093,formal-main,2,4
2,HHO,9,20281239,643.561269763896,6.5349673,0,1,11595,NaN,NaN,NaN,NaN,0,0,0.0011426,formal-main,2,4
2,HHO,10,20281240,378.543635291984,6.4826918,1,0,11653,NaN,NaN,NaN,NaN,0,0,0.0007779,formal-main,2,4
2,HHO,11,20281241,364.634374209981,6.3487168,1,0,11614,NaN,NaN,NaN,NaN,0,0,0.0007441,formal-main,2,4
2,HHO,12,20281242,384.058669786465,6.0764534,1,0,11493,NaN,NaN,NaN,NaN,0,0,0.0008449,formal-main,2,4
2,HHO,13,20281243,379.217686544338,5.8826632,1,0,11371,NaN,NaN,NaN,NaN,0,0,0.0011833,formal-main,2,4
2,HHO,14,20281244,373.071388008689,5.9965373,1,0,11407,NaN,NaN,NaN,NaN,0,0,0.0008025,formal-main,2,4
2,HHO,15,20281245,341.780704748886,6.1667539,1,0,11540,NaN,NaN,NaN,NaN,0,0,0.0015167,formal-main,2,4
2,HHO,16,20281246,280.944267024114,6.0907453,1,0,11621,NaN,NaN,NaN,NaN,0,0,0.001307,formal-main,2,4
2,HHO,17,20281247,306.257883609102,7.4779428,1,0,11351,NaN,NaN,NaN,NaN,0,0,0.0015161,formal-main,2,4
2,HHO,18,20281248,285.617296604287,6.8010141,1,0,11315,NaN,NaN,NaN,NaN,0,0,0.000783,formal-main,2,4
2,HHO,19,20281249,370.236450485591,7.040713,1,0,11425,NaN,NaN,NaN,NaN,0,0,0.0006964,formal-main,2,4
2,HHO,20,20281250,288.406514115816,6.5014111,1,0,11528,NaN,NaN,NaN,NaN,0,0,0.0007214,formal-main,2,4
2,HHO,21,20281251,423.778099091948,6.3186026,1,0,11529,NaN,NaN,NaN,NaN,0,0,0.0008987,formal-main,2,4
2,HHO,22,20281252,291.990080039119,6.4211861,1,0,11307,NaN,NaN,NaN,NaN,0,0,0.0007917,formal-main,2,4
2,HHO,23,20281253,304.740056950966,6.7165196,1,0,11488,NaN,NaN,NaN,NaN,0,0,0.0006872,formal-main,2,4
2,HHO,24,20281254,350.493361233978,6.5163119,1,0,11432,NaN,NaN,NaN,NaN,0,0,0.0006955,formal-main,2,4
2,HHO,25,20281255,334.746709409731,6.4810921,1,0,11200,NaN,NaN,NaN,NaN,0,0,0.0011036,formal-main,2,4
2,HHO,26,20281256,292.263011225312,5.9927746,1,0,11355,NaN,NaN,NaN,NaN,0,0,0.0015666,formal-main,2,4
2,HHO,27,20281257,1146.84416311462,6.0155344,0,4,11676,NaN,NaN,NaN,NaN,0,0,0.0008836,formal-main,2,4
2,HHO,28,20281258,334.0278998843,6.0716688,1,0,11407,NaN,NaN,NaN,NaN,0,0,0.001475,formal-main,2,4
2,HHO,29,20281259,834.889628537958,6.3720915,0,3,11486,NaN,NaN,NaN,NaN,0,0,0.0015807,formal-main,2,4
2,HHO,30,20281260,315.64210888071,6.0981272,1,0,11410,NaN,NaN,NaN,NaN,0,0,0.0015979,formal-main,2,4
2,ERIME,1,20280902,296.69275764774,5.614708,1,0,9498,NaN,NaN,NaN,NaN,0,0,5.6317125,recent-improved,2,5
2,ERIME,2,20280903,305.701657986739,5.7549726,1,0,9546,NaN,NaN,NaN,NaN,0,0,5.7717762,recent-improved,2,5
2,ERIME,3,20280904,336.92502041372,5.6328735,1,1.59872115546023e-14,9465,NaN,NaN,NaN,NaN,0,0,5.6500183,recent-improved,2,5
2,ERIME,4,20280905,319.498083639241,5.8339271,1,1.59872115546023e-14,9477,NaN,NaN,NaN,NaN,0,0,5.8516533,recent-improved,2,5
2,ERIME,5,20280906,338.013447361947,5.7879784,1,0,9447,NaN,NaN,NaN,NaN,0,0,5.8054808,recent-improved,2,5
2,ERIME,6,20280907,313.938716113066,6.0574955,1,0,9459,NaN,NaN,NaN,NaN,0,0,6.0751711,recent-improved,2,5
2,ERIME,7,20280908,370.388075016909,6.7284209,1,0,9444,NaN,NaN,NaN,NaN,0,0,6.7476004,recent-improved,2,5
2,ERIME,8,20280909,300.866540855792,6.4888739,1,0,9510,NaN,NaN,NaN,NaN,0,0,6.5202752,recent-improved,2,5
2,ERIME,9,20280910,301.904661387248,6.1553235,1,0,9450,NaN,NaN,NaN,NaN,0,0,6.1723504,recent-improved,2,5
2,ERIME,10,20280911,332.48360967281,6.2122638,1,0,9489,NaN,NaN,NaN,NaN,0,0,6.2318823,recent-improved,2,5
2,ERIME,11,20280912,313.384303547311,6.3424915,1,0,9468,NaN,NaN,NaN,NaN,0,0,6.3610789,recent-improved,2,5
2,ERIME,12,20280913,333.960211170741,6.0226895,1,0,9540,NaN,NaN,NaN,NaN,0,0,6.0398232,recent-improved,2,5
2,ERIME,13,20280914,338.256019309826,5.9012072,1,1.59872115546023e-14,9465,NaN,NaN,NaN,NaN,0,0,5.91958,recent-improved,2,5
2,ERIME,14,20280915,300.480312039345,6.5456653,1,0,9501,NaN,NaN,NaN,NaN,0,0,6.5637178,recent-improved,2,5
2,ERIME,15,20280916,299.664191443241,6.0947018,1,0,9486,NaN,NaN,NaN,NaN,0,0,6.1139354,recent-improved,2,5
2,ERIME,16,20280917,356.039352840352,6.6342234,1,0,9444,NaN,NaN,NaN,NaN,0,0,6.6550742,recent-improved,2,5
2,ERIME,17,20280918,287.302093883191,5.9187657,1,0,9468,NaN,NaN,NaN,NaN,0,0,5.9366608,recent-improved,2,5
2,ERIME,18,20280919,295.39589717462,6.049314,1,0,9555,NaN,NaN,NaN,NaN,0,0,6.0707583,recent-improved,2,5
2,ERIME,19,20280920,292.448327104469,6.2183388,1,0,9504,NaN,NaN,NaN,NaN,0,0,6.2398956,recent-improved,2,5
2,ERIME,20,20280921,284.650522316186,6.0545846,1,0,9474,NaN,NaN,NaN,NaN,0,0,6.0716957,recent-improved,2,5
2,ERIME,21,20280922,293.259774260785,6.0080569,1,0,9495,NaN,NaN,NaN,NaN,0,0,6.0273456,recent-improved,2,5
2,ERIME,22,20280923,295.276221621147,6.5947199,1,0,9456,NaN,NaN,NaN,NaN,0,0,6.6133457,recent-improved,2,5
2,ERIME,23,20280924,300.158293790918,7.1084557,1,0,9441,NaN,NaN,NaN,NaN,0,0,7.1264381,recent-improved,2,5
2,ERIME,24,20280925,348.067405137564,7.0266316,1,0,9453,NaN,NaN,NaN,NaN,0,0,7.0537606,recent-improved,2,5
2,ERIME,25,20280926,411.814016114115,6.940041,1,0,9483,NaN,NaN,NaN,NaN,0,0,6.9625715,recent-improved,2,5
2,ERIME,26,20280927,319.40593988903,6.6191473,1,0,9471,NaN,NaN,NaN,NaN,0,0,6.6449021,recent-improved,2,5
2,ERIME,27,20280928,289.167932821167,7.0739921,1,0,9558,NaN,NaN,NaN,NaN,0,0,7.0964602,recent-improved,2,5
2,ERIME,28,20280929,296.802046791443,6.1048134,1,0,9507,NaN,NaN,NaN,NaN,0,0,6.1272593,recent-improved,2,5
2,ERIME,29,20280930,314.97051768519,6.4739678,1,6.21724893790088e-15,9498,NaN,NaN,NaN,NaN,0,0,6.4965234,recent-improved,2,5
2,ERIME,30,20280931,298.879805950256,6.4719338,1,0,9489,NaN,NaN,NaN,NaN,0,0,6.4900902,recent-improved,2,5
2,MSCSO,1,20281002,277.086263701857,12.1487801,1,0,21492,NaN,NaN,NaN,NaN,0,0,12.1663485,recent-improved,2,6
2,MSCSO,2,20281003,304.17936470404,12.6628829,1,0,21397,NaN,NaN,NaN,NaN,0,0,12.6816742,recent-improved,2,6
2,MSCSO,3,20281004,305.484842465162,12.8935334,1,0,21374,NaN,NaN,NaN,NaN,0,0,12.911615,recent-improved,2,6
2,MSCSO,4,20281005,277.029385048112,14.5277317,1,0,21438,NaN,NaN,NaN,NaN,0,0,14.5491418,recent-improved,2,6
2,MSCSO,5,20281006,277.612929680362,14.0461724,1,0,21498,NaN,NaN,NaN,NaN,0,0,14.0640366,recent-improved,2,6
2,MSCSO,6,20281007,294.640639456767,12.3286563,1,0,21491,NaN,NaN,NaN,NaN,0,0,12.3459878,recent-improved,2,6
2,MSCSO,7,20281008,341.434183451591,14.1592809,1,0,21385,NaN,NaN,NaN,NaN,0,0,14.1779413,recent-improved,2,6
2,MSCSO,8,20281009,317.094660323192,13.4622682,1,0,21549,NaN,NaN,NaN,NaN,0,0,13.4817329,recent-improved,2,6
2,MSCSO,9,20281010,319.526764668198,13.8360071,1,0,21441,NaN,NaN,NaN,NaN,0,0,13.8672141,recent-improved,2,6
2,MSCSO,10,20281011,277.624780143986,13.300137,1,0,21433,NaN,NaN,NaN,NaN,0,0,13.3182052,recent-improved,2,6
2,MSCSO,11,20281012,278.013809865068,13.7628697,1,0,21442,NaN,NaN,NaN,NaN,0,0,13.7807511,recent-improved,2,6
2,MSCSO,12,20281013,278.149365001487,13.4920339,1,0,21520,NaN,NaN,NaN,NaN,0,0,13.5103577,recent-improved,2,6
2,MSCSO,13,20281014,309.260685712018,13.6377624,1,0,21444,NaN,NaN,NaN,NaN,0,0,13.6558707,recent-improved,2,6
2,MSCSO,14,20281015,283.381220811427,13.744917,1,0,21453,NaN,NaN,NaN,NaN,0,0,13.7633986,recent-improved,2,6
2,MSCSO,15,20281016,285.154683224281,12.7501691,1,0,21474,NaN,NaN,NaN,NaN,0,0,12.76748,recent-improved,2,6
2,MSCSO,16,20281017,284.271453472432,13.0508131,1,0,21534,NaN,NaN,NaN,NaN,0,0,13.0695667,recent-improved,2,6
2,MSCSO,17,20281018,281.953822956237,13.754566,1,0,21441,NaN,NaN,NaN,NaN,0,0,13.7728366,recent-improved,2,6
2,MSCSO,18,20281019,294.412444842065,13.3191841,1,0,21465,NaN,NaN,NaN,NaN,0,0,13.3373007,recent-improved,2,6
2,MSCSO,19,20281020,279.320910642512,13.3036228,1,0,21471,NaN,NaN,NaN,NaN,0,0,13.3234164,recent-improved,2,6
2,MSCSO,20,20281021,301.461581981077,12.815856,1,0,21446,NaN,NaN,NaN,NaN,0,0,12.8398046,recent-improved,2,6
2,MSCSO,21,20281022,290.427351551842,13.9168742,1,0,21389,NaN,NaN,NaN,NaN,0,0,13.9357894,recent-improved,2,6
2,MSCSO,22,20281023,285.288625437225,13.7958578,1,0,21503,NaN,NaN,NaN,NaN,0,0,13.8189679,recent-improved,2,6
2,MSCSO,23,20281024,300.654228553531,14.6874515,1,0,21517,NaN,NaN,NaN,NaN,0,0,14.705663,recent-improved,2,6
2,MSCSO,24,20281025,288.859841082753,15.4571975,1,0,21408,NaN,NaN,NaN,NaN,0,0,15.481232,recent-improved,2,6
2,MSCSO,25,20281026,277.089484089615,13.6802154,1,0,21554,NaN,NaN,NaN,NaN,0,0,13.6983395,recent-improved,2,6
2,MSCSO,26,20281027,301.309518542442,13.2862793,1,0,21476,NaN,NaN,NaN,NaN,0,0,13.3053087,recent-improved,2,6
2,MSCSO,27,20281028,277.762809299263,13.5552382,1,0,21425,NaN,NaN,NaN,NaN,0,0,13.5749129,recent-improved,2,6
2,MSCSO,28,20281029,280.618264948889,13.2764802,1,0,21472,NaN,NaN,NaN,NaN,0,0,13.2991126,recent-improved,2,6
2,MSCSO,29,20281030,285.434145709615,12.2658733,1,0,21461,NaN,NaN,NaN,NaN,0,0,12.2833282,recent-improved,2,6
2,MSCSO,30,20281031,280.501611904569,13.6121261,1,0,21459,NaN,NaN,NaN,NaN,0,0,13.629893,recent-improved,2,6
2,CVF-AE,1,20280731,301.832733892273,7.3422885,1,0,9561,7,0.3546419,511,326,20,15,0.0029082,formal-main,2,7
2,CVF-AE,2,20280732,303.760230354358,6.9242248,1,0,9555,6,0.1441318,511,309,14,9,0.0031249,formal-main,2,7
2,CVF-AE,3,20280733,303.807588567584,6.6663422,1,0,9550,5,0.1059921,509,320,11,10,0.0028684,formal-main,2,7
2,CVF-AE,4,20280734,295.547274107046,6.8252708,1,0,9560,10,0.2894857,512,314,18,13,0.0028212,formal-main,2,7
2,CVF-AE,5,20280735,307.857718941039,6.7181685,1,0,9557,9,0.2194704,511,348,16,12,0.0014082,formal-main,2,7
2,CVF-AE,6,20280736,298.291919059059,6.7387483,1,0,9547,1,0.0306662,511,344,6,6,0.002494,formal-main,2,7
2,CVF-AE,7,20280737,302.619962250227,6.6447897,1,0,9569,12,0.2905866,512,296,27,22,0.0028146,formal-main,2,7
2,CVF-AE,8,20280738,303.247052436039,6.8801369,1,0,9548,0,0.0280795,514,315,4,3,0.0020753,formal-main,2,7
2,CVF-AE,9,20280739,301.074709941712,6.6577902,1,0,9546,5,0.0954836,511,312,5,3,0.00253,formal-main,2,7
2,CVF-AE,10,20280740,300.586041211239,6.6588391,1,0,9547,0,0.0214725,513,331,4,4,0.0024229,formal-main,2,7
2,CVF-AE,11,20280741,301.153546095554,6.748227,1,0,9548,3,0.0711097,508,295,10,8,0.0024908,formal-main,2,7
2,CVF-AE,12,20280742,303.379233046224,6.881062,1,0,9560,10,0.2237791,510,332,20,16,0.0027132,formal-main,2,7
2,CVF-AE,13,20280743,298.868925122623,6.6821989,1,0,9540,4,0.098908,503,307,7,6,0.001757,formal-main,2,7
2,CVF-AE,14,20280744,305.159328541507,6.8565529,1,0,9568,14,0.2897685,510,330,28,25,0.0030818,formal-main,2,7
2,CVF-AE,15,20280745,295.966558012057,6.787531,1,0,9551,2,0.04488,512,294,9,6,0.0024506,formal-main,2,7
2,CVF-AE,16,20280746,300.288730328163,6.833301,1,0,9547,4,0.111097,510,322,7,2,0.0026609,formal-main,2,7
2,CVF-AE,17,20280747,306.001517968724,6.7359699,1,0,9555,4,0.0927575,512,336,13,12,0.0018102,formal-main,2,7
2,CVF-AE,18,20280748,301.784974306163,6.8568454,1,0,9574,13,0.3215663,512,313,32,22,0.0026775,formal-main,2,7
2,CVF-AE,19,20280749,299.997484494315,6.6828808,1,0,9547,3,0.0765217,513,290,4,4,0.0028736,formal-main,2,7
2,CVF-AE,20,20280750,297.568583204915,6.698608,1,0,9564,11,0.2549036,511,330,23,17,0.0027909,formal-main,2,7
2,CVF-AE,21,20280751,298.038845723075,6.7601772,1,0,9543,2,0.0453154,510,303,3,3,0.0025693,formal-main,2,7
2,CVF-AE,22,20280752,299.124008234375,6.659957,1,0,9545,1,0.0256854,510,370,5,4,0.002695,formal-main,2,7
2,CVF-AE,23,20280753,300.824754693959,6.9623611,1,0,9570,15,0.3460653,511,313,29,16,0.0015027,formal-main,2,7
2,CVF-AE,24,20280754,302.819076108751,6.8076781,1,0,9551,5,0.1122179,511,326,10,4,0.0028028,formal-main,2,7
2,CVF-AE,25,20280755,297.50539018409,6.8196584,1,0,9554,4,0.1160368,513,301,11,7,0.0026637,formal-main,2,7
2,CVF-AE,26,20280756,303.080661430803,6.8484459,1,0,9561,10,0.2561842,510,310,21,17,0.0025999,formal-main,2,7
2,CVF-AE,27,20280757,298.725151140125,6.8505198,1,0,9547,2,0.044601,512,285,5,4,0.0022032,formal-main,2,7
2,CVF-AE,28,20280758,301.133738373621,6.5987798,1,0,9563,14,0.2749154,513,325,20,14,0.0025166,formal-main,2,7
2,CVF-AE,29,20280759,303.239908723306,6.7877653,1,0,9548,1,0.0215998,512,305,6,3,0.0023104,formal-main,2,7
2,CVF-AE,30,20280760,302.769107593636,6.8057389,1,0,9550,0,0.0243269,514,346,6,6,0.0027303,formal-main,2,7
4,AE,1,20300831,1989.45480500777,4.9041059,0,10,9030,NaN,NaN,NaN,NaN,0,0,0.0017126,formal-main,3,1
4,AE,2,20300832,1543.12729183151,4.8979639,0,7,9030,NaN,NaN,NaN,NaN,0,0,0.0017418,formal-main,3,1
4,AE,3,20300833,1743.83053596743,5.9478095,0,8,9030,NaN,NaN,NaN,NaN,0,0,0.0017684,formal-main,3,1
4,AE,4,20300834,1782.54893837256,5.8341579,0,8,9030,NaN,NaN,NaN,NaN,0,0,0.0010254,formal-main,3,1
4,AE,5,20300835,1389.92957952481,6.634053,0,6,9030,NaN,NaN,NaN,NaN,0,0,0.0016738,formal-main,3,1
4,AE,6,20300836,1696.6943991144,7.6309599,0,8,9030,NaN,NaN,NaN,NaN,0,0,0.001803,formal-main,3,1
4,AE,7,20300837,1494.27543641492,7.3033976,0,7,9030,NaN,NaN,NaN,NaN,0,0,0.0015508,formal-main,3,1
4,AE,8,20300838,1664.13058083883,6.8603758,0,8,9030,NaN,NaN,NaN,NaN,0,0,0.001554,formal-main,3,1
4,AE,9,20300839,2203.92972986584,6.7743304,0,11,9030,NaN,NaN,NaN,NaN,0,0,0.0013942,formal-main,3,1
4,AE,10,20300840,1734.22111569847,7.0876997,0,7,9030,NaN,NaN,NaN,NaN,0,0,0.0012256,formal-main,3,1
4,AE,11,20300841,1735.41411923162,7.972313,0,9,9030,NaN,NaN,NaN,NaN,0,0,0.0008363,formal-main,3,1
4,AE,12,20300842,1478.47204337692,7.5584444,0,7,9030,NaN,NaN,NaN,NaN,0,0,0.0007426,formal-main,3,1
4,AE,13,20300843,1394.72778924058,6.2931665,0,6,9030,NaN,NaN,NaN,NaN,0,0,0.0008676,formal-main,3,1
4,AE,14,20300844,1632.14858711051,6.8412771,0,8,9030,NaN,NaN,NaN,NaN,0,0,0.0009722,formal-main,3,1
4,AE,15,20300845,2188.55814898393,7.1536375,0,11,9030,NaN,NaN,NaN,NaN,0,0,0.0007572,formal-main,3,1
4,AE,16,20300846,1782.09964881364,6.6555125,0,8,9030,NaN,NaN,NaN,NaN,0,0,0.0015966,formal-main,3,1
4,AE,17,20300847,1736.92316722089,6.9412785,0,9,9030,NaN,NaN,NaN,NaN,0,0,0.0007791,formal-main,3,1
4,AE,18,20300848,1472.86427729257,7.3041749,0,7,9030,NaN,NaN,NaN,NaN,0,0,0.0007612,formal-main,3,1
4,AE,19,20300849,1612.33325890205,5.8211069,0,7,9030,NaN,NaN,NaN,NaN,0,0,0.0015614,formal-main,3,1
4,AE,20,20300850,1551.45937617308,7.8887609,0,7,9030,NaN,NaN,NaN,NaN,0,0,0.0016401,formal-main,3,1
4,AE,21,20300851,1660.42575548243,7.4800724,0,8,9030,NaN,NaN,NaN,NaN,0,0,0.0017808,formal-main,3,1
4,AE,22,20300852,1551.82647554239,7.4140204,0,7,9030,NaN,NaN,NaN,NaN,0,0,0.0015187,formal-main,3,1
4,AE,23,20300853,1669.10491595708,6.7503668,0,8,9030,NaN,NaN,NaN,NaN,0,0,0.0009837,formal-main,3,1
4,AE,24,20300854,1606.07739156939,7.7607915,0,7,9030,NaN,NaN,NaN,NaN,0,0,0.000773,formal-main,3,1
4,AE,25,20300855,1573.02567312136,5.2942199,0,7,9030,NaN,NaN,NaN,NaN,0,0,0.0007242,formal-main,3,1
4,AE,26,20300856,1586.22118956873,5.4229291,0,7,9030,NaN,NaN,NaN,NaN,0,0,0.0006898,formal-main,3,1
4,AE,27,20300857,1304.62899999088,4.999458,0,5,9030,NaN,NaN,NaN,NaN,0,0,0.0009771,formal-main,3,1
4,AE,28,20300858,1582.0264916744,5.5821711,0,7,9030,NaN,NaN,NaN,NaN,0,0,0.0015537,formal-main,3,1
4,AE,29,20300859,1587.77662751005,5.1661416,0,8,9030,NaN,NaN,NaN,NaN,0,0,0.0013057,formal-main,3,1
4,AE,30,20300860,1649.8599287706,5.2269127,0,7,9030,NaN,NaN,NaN,NaN,0,0,0.0010323,formal-main,3,1
4,PSO,1,20300931,1522.91327532169,6.3654081,0,7,9030,NaN,NaN,NaN,NaN,0,0,0.0009623,formal-main,3,2
4,PSO,2,20300932,1411.65940889027,5.6243394,0,6,9030,NaN,NaN,NaN,NaN,0,0,0.0008252,formal-main,3,2
4,PSO,3,20300933,1139.20416664847,6.0933078,0,4,9030,NaN,NaN,NaN,NaN,0,0,0.0009776,formal-main,3,2
4,PSO,4,20300934,1043.20499509417,5.4384084,0,4,9030,NaN,NaN,NaN,NaN,0,0,0.0015554,formal-main,3,2
4,PSO,5,20300935,1976.2214167273,5.5563701,0,8,9030,NaN,NaN,NaN,NaN,0,0,0.0012451,formal-main,3,2
4,PSO,6,20300936,1249.90081020204,5.7883957,0,5,9030,NaN,NaN,NaN,NaN,0,0,0.0015929,formal-main,3,2
4,PSO,7,20300937,748.810287692557,5.7138546,0,3,9030,NaN,NaN,NaN,NaN,0,0,0.0020999,formal-main,3,2
4,PSO,8,20300938,1393.0064508599,6.1289246,0,6,9030,NaN,NaN,NaN,NaN,0,0,0.0015022,formal-main,3,2
4,PSO,9,20300939,1090.7820493176,6.3071019,0,4,9030,NaN,NaN,NaN,NaN,0,0,0.0010862,formal-main,3,2
4,PSO,10,20300940,2443.48970121946,6.0082377,0,10,9030,NaN,NaN,NaN,NaN,0,0,0.0010405,formal-main,3,2
4,PSO,11,20300941,1327.12391405098,5.9721616,0,5,9030,NaN,NaN,NaN,NaN,0,0,0.0009905,formal-main,3,2
4,PSO,12,20300942,1120.36619959703,5.5812448,0,4,9030,NaN,NaN,NaN,NaN,0,0,0.001522,formal-main,3,2
4,PSO,13,20300943,455.86900030581,5.9099934,1,0,9030,NaN,NaN,NaN,NaN,0,0,0.0009378,formal-main,3,2
4,PSO,14,20300944,1028.82990838345,5.2280903,0,3,9030,NaN,NaN,NaN,NaN,0,0,0.0008386,formal-main,3,2
4,PSO,15,20300945,1472.00617575518,5.1997008,0,7,9030,NaN,NaN,NaN,NaN,0,0,0.0019551,formal-main,3,2
4,PSO,16,20300946,1823.28515082734,4.8267377,0,7,9030,NaN,NaN,NaN,NaN,0,0,0.0017409,formal-main,3,2
4,PSO,17,20300947,1320.05672428119,4.7632567,0,5,9030,NaN,NaN,NaN,NaN,0,0,0.0014219,formal-main,3,2
4,PSO,18,20300948,1076.10363441757,4.8048343,0,5,9030,NaN,NaN,NaN,NaN,0,0,0.0015391,formal-main,3,2
4,PSO,19,20300949,1509.69217451741,4.8441919,0,6,9030,NaN,NaN,NaN,NaN,0,0,0.0008878,formal-main,3,2
4,PSO,20,20300950,1389.64794517949,4.9080107,0,5,9030,NaN,NaN,NaN,NaN,0,0,0.000731,formal-main,3,2
4,PSO,21,20300951,1200.16054423703,4.7979889,0,5,9030,NaN,NaN,NaN,NaN,0,0,0.0009779,formal-main,3,2
4,PSO,22,20300952,1046.68575071419,4.879189,0,3,9030,NaN,NaN,NaN,NaN,0,0,0.0012812,formal-main,3,2
4,PSO,23,20300953,1386.51422155486,4.8875517,0,6,9030,NaN,NaN,NaN,NaN,0,0,0.0012789,formal-main,3,2
4,PSO,24,20300954,1529.77038999578,6.3141087,0,8,9030,NaN,NaN,NaN,NaN,0,0,0.0014229,formal-main,3,2
4,PSO,25,20300955,1471.81172839863,5.3392831,0,7,9030,NaN,NaN,NaN,NaN,0,0,0.0011723,formal-main,3,2
4,PSO,26,20300956,736.559736950523,5.9260826,0,3,9030,NaN,NaN,NaN,NaN,0,0,0.0009455,formal-main,3,2
4,PSO,27,20300957,955.046078486362,5.5243531,0,3,9030,NaN,NaN,NaN,NaN,0,0,0.001491,formal-main,3,2
4,PSO,28,20300958,1084.55357456186,5.909172,0,4,9030,NaN,NaN,NaN,NaN,0,0,0.001326,formal-main,3,2
4,PSO,29,20300959,1322.4464518191,6.1476392,0,5,9030,NaN,NaN,NaN,NaN,0,0,0.0017946,formal-main,3,2
4,PSO,30,20300960,1588.03962164719,5.6766586,0,8,9030,NaN,NaN,NaN,NaN,0,0,0.0015701,formal-main,3,2
4,GWO,1,20301031,916.869383644905,6.1915426,0,3,9030,NaN,NaN,NaN,NaN,0,0,0.0014578,formal-main,3,3
4,GWO,2,20301032,943.898529648906,5.8492285,0,3,9030,NaN,NaN,NaN,NaN,0,0,0.0015695,formal-main,3,3
4,GWO,3,20301033,347.275153276076,6.6148973,1,0,9030,NaN,NaN,NaN,NaN,0,0,0.0015058,formal-main,3,3
4,GWO,4,20301034,979.373953187869,6.3912081,0,3,9030,NaN,NaN,NaN,NaN,0,0,0.0015735,formal-main,3,3
4,GWO,5,20301035,412.421109396036,5.9144086,1,0,9030,NaN,NaN,NaN,NaN,0,0,0.0010326,formal-main,3,3
4,GWO,6,20301036,344.037083410766,5.7254652,1,0,9030,NaN,NaN,NaN,NaN,0,0,0.001608,formal-main,3,3
4,GWO,7,20301037,915.521232004957,5.8065096,0,3,9030,NaN,NaN,NaN,NaN,0,0,0.0014782,formal-main,3,3
4,GWO,8,20301038,1013.39210274469,5.9894183,0,3,9030,NaN,NaN,NaN,NaN,0,0,0.0017595,formal-main,3,3
4,GWO,9,20301039,475.815648974545,6.0523498,1,0,9030,NaN,NaN,NaN,NaN,0,0,0.0018867,formal-main,3,3
4,GWO,10,20301040,350.244132305545,5.7810006,1,0,9030,NaN,NaN,NaN,NaN,0,0,0.0012633,formal-main,3,3
4,GWO,11,20301041,448.439094274867,5.5954882,1,0,9030,NaN,NaN,NaN,NaN,0,0,0.0017333,formal-main,3,3
4,GWO,12,20301042,697.237978643108,5.7794204,0,2,9030,NaN,NaN,NaN,NaN,0,0,0.0017895,formal-main,3,3
4,GWO,13,20301043,344.954727939338,5.9441177,1,0,9030,NaN,NaN,NaN,NaN,0,0,0.0016847,formal-main,3,3
4,GWO,14,20301044,420.294626973045,6.0443951,1,0,9030,NaN,NaN,NaN,NaN,0,0,0.0019093,formal-main,3,3
4,GWO,15,20301045,1029.03206496185,5.4929817,0,3,9030,NaN,NaN,NaN,NaN,0,0,0.0017362,formal-main,3,3
4,GWO,16,20301046,354.312335353114,5.3960704,1,0,9030,NaN,NaN,NaN,NaN,0,0,0.0020587,formal-main,3,3
4,GWO,17,20301047,1397.41948638042,5.8721207,0,6,9030,NaN,NaN,NaN,NaN,0,0,0.0018961,formal-main,3,3
4,GWO,18,20301048,354.101172318652,7.2955862,1,0,9030,NaN,NaN,NaN,NaN,0,0,0.0012109,formal-main,3,3
4,GWO,19,20301049,1439.21863858169,6.1680931,0,4,9030,NaN,NaN,NaN,NaN,0,0,0.0015252,formal-main,3,3
4,GWO,20,20301050,929.722491166119,6.1083063,0,3,9030,NaN,NaN,NaN,NaN,0,0,0.0016201,formal-main,3,3
4,GWO,21,20301051,355.329323389879,6.2301889,1,0,9030,NaN,NaN,NaN,NaN,0,0,0.0018939,formal-main,3,3
4,GWO,22,20301052,710.443399404566,6.076258,0,2,9030,NaN,NaN,NaN,NaN,0,0,0.0014749,formal-main,3,3
4,GWO,23,20301053,435.697683090229,6.1279126,1,0,9030,NaN,NaN,NaN,NaN,0,0,0.0007579,formal-main,3,3
4,GWO,24,20301054,414.662913717644,6.2858804,1,0,9030,NaN,NaN,NaN,NaN,0,0,0.0013619,formal-main,3,3
4,GWO,25,20301055,475.796734409178,6.5142019,1,0,9030,NaN,NaN,NaN,NaN,0,0,0.0017811,formal-main,3,3
4,GWO,26,20301056,347.056691652855,5.6545021,1,0,9030,NaN,NaN,NaN,NaN,0,0,0.0014334,formal-main,3,3
4,GWO,27,20301057,358.713836365533,5.4440812,1,0,9030,NaN,NaN,NaN,NaN,0,0,0.0016732,formal-main,3,3
4,GWO,28,20301058,346.88275890316,5.3540386,1,0,9030,NaN,NaN,NaN,NaN,0,0,0.0016698,formal-main,3,3
4,GWO,29,20301059,354.691840262881,5.1709915,1,0,9030,NaN,NaN,NaN,NaN,0,0,0.0015816,formal-main,3,3
4,GWO,30,20301060,340.856408836279,5.7309678,1,0,9030,NaN,NaN,NaN,NaN,0,0,0.0011313,formal-main,3,3
4,HHO,1,20301231,1342.73424808403,6.3301974,0,6,11393,NaN,NaN,NaN,NaN,0,0,0.0011888,formal-main,3,4
4,HHO,2,20301232,426.6684746174,6.2805165,1,0,11561,NaN,NaN,NaN,NaN,0,0,0.0018101,formal-main,3,4
4,HHO,3,20301233,1304.58143359211,6.1977406,0,6,11470,NaN,NaN,NaN,NaN,0,0,0.0011034,formal-main,3,4
4,HHO,4,20301234,1049.76646081122,6.1205057,0,4,11373,NaN,NaN,NaN,NaN,0,0,0.0012021,formal-main,3,4
4,HHO,5,20301235,1498.56135029229,6.6504217,0,7,11451,NaN,NaN,NaN,NaN,0,0,0.0008418,formal-main,3,4
4,HHO,6,20301236,401.340648963764,8.2646568,1,0,11545,NaN,NaN,NaN,NaN,0,0,0.0010949,formal-main,3,4
4,HHO,7,20301237,1471.79676567153,8.1514195,0,7,11611,NaN,NaN,NaN,NaN,0,0,0.0020561,formal-main,3,4
4,HHO,8,20301238,1438.2826705897,7.9707847,0,6,11424,NaN,NaN,NaN,NaN,0,0,0.0018152,formal-main,3,4
4,HHO,9,20301239,538.132176744319,8.2667638,0,1,11415,NaN,NaN,NaN,NaN,0,0,0.0016263,formal-main,3,4
4,HHO,10,20301240,1496.52402469172,8.065605,0,7,11393,NaN,NaN,NaN,NaN,0,0,0.0014569,formal-main,3,4
4,HHO,11,20301241,387.384793631222,9.2555456,1,0,11410,NaN,NaN,NaN,NaN,0,0,0.0010488,formal-main,3,4
4,HHO,12,20301242,1359.78384102322,9.1398969,0,6,11393,NaN,NaN,NaN,NaN,0,0,0.0013862,formal-main,3,4
4,HHO,13,20301243,462.384265959082,8.7728669,1,0,11737,NaN,NaN,NaN,NaN,0,0,0.0008111,formal-main,3,4
4,HHO,14,20301244,735.864541544023,9.0843237,0,2,11511,NaN,NaN,NaN,NaN,0,0,0.001556,formal-main,3,4
4,HHO,15,20301245,366.955824397422,7.3580603,1,0,11367,NaN,NaN,NaN,NaN,0,0,0.0013566,formal-main,3,4
4,HHO,16,20301246,1232.77323915255,6.224067,0,5,11590,NaN,NaN,NaN,NaN,0,0,0.0015423,formal-main,3,4
4,HHO,17,20301247,1530.14681010054,6.0665352,0,7,11429,NaN,NaN,NaN,NaN,0,0,0.0014402,formal-main,3,4
4,HHO,18,20301248,1471.52090738897,6.0432064,0,7,11490,NaN,NaN,NaN,NaN,0,0,0.0016543,formal-main,3,4
4,HHO,19,20301249,673.311731586025,6.7296769,0,2,11413,NaN,NaN,NaN,NaN,0,0,0.000788,formal-main,3,4
4,HHO,20,20301250,347.188761754111,8.7924231,1,0,11588,NaN,NaN,NaN,NaN,0,0,0.0020077,formal-main,3,4
4,HHO,21,20301251,879.110428187261,7.9200593,0,3,11451,NaN,NaN,NaN,NaN,0,0,0.001506,formal-main,3,4
4,HHO,22,20301252,412.465147199305,8.1969022,1,0,11450,NaN,NaN,NaN,NaN,0,0,0.001272,formal-main,3,4
4,HHO,23,20301253,485.923721663002,8.4126279,1,0,11573,NaN,NaN,NaN,NaN,0,0,0.0013193,formal-main,3,4
4,HHO,24,20301254,337.070154186255,7.6910485,1,0,11478,NaN,NaN,NaN,NaN,0,0,0.0015154,formal-main,3,4
4,HHO,25,20301255,897.649730623661,6.8454735,0,3,11311,NaN,NaN,NaN,NaN,0,0,0.001679,formal-main,3,4
4,HHO,26,20301256,442.500755871427,7.8699523,1,0,11426,NaN,NaN,NaN,NaN,0,0,0.0014676,formal-main,3,4
4,HHO,27,20301257,1450.04523367923,7.6150067,0,7,11527,NaN,NaN,NaN,NaN,0,0,0.0015105,formal-main,3,4
4,HHO,28,20301258,1462.77708827234,7.1610913,0,7,11499,NaN,NaN,NaN,NaN,0,0,0.0015681,formal-main,3,4
4,HHO,29,20301259,708.408129473495,6.8512783,0,2,11554,NaN,NaN,NaN,NaN,0,0,0.0010779,formal-main,3,4
4,HHO,30,20301260,338.666279354214,7.0806556,1,0,11416,NaN,NaN,NaN,NaN,0,0,0.001428,formal-main,3,4
4,ERIME,1,20300902,347.991685527089,5.7828736,1,1.59872115546023e-14,9453,NaN,NaN,NaN,NaN,0,0,5.801484,recent-improved,3,5
4,ERIME,2,20300903,370.960419379513,5.8232248,1,0,9492,NaN,NaN,NaN,NaN,0,0,5.8410677,recent-improved,3,5
4,ERIME,3,20300904,365.187464479398,5.8059709,1,6.21724893790088e-15,9423,NaN,NaN,NaN,NaN,0,0,5.8239758,recent-improved,3,5
4,ERIME,4,20300905,348.754203221891,6.4808987,1,0,9462,NaN,NaN,NaN,NaN,0,0,6.4993644,recent-improved,3,5
4,ERIME,5,20300906,331.522109315885,6.620374,1,1.59872115546023e-14,9519,NaN,NaN,NaN,NaN,0,0,6.6505752,recent-improved,3,5
4,ERIME,6,20300907,346.278925565143,6.5575645,1,0,9462,NaN,NaN,NaN,NaN,0,0,6.5776305,recent-improved,3,5
4,ERIME,7,20300908,342.752951381602,6.0249548,1,0,9531,NaN,NaN,NaN,NaN,0,0,6.0531396,recent-improved,3,5
4,ERIME,8,20300909,359.305624789482,6.0185845,1,0,9483,NaN,NaN,NaN,NaN,0,0,6.0376041,recent-improved,3,5
4,ERIME,9,20300910,379.233470590811,6.1965761,1,0,9507,NaN,NaN,NaN,NaN,0,0,6.2176886,recent-improved,3,5
4,ERIME,10,20300911,344.421596155925,6.1794286,1,0,9516,NaN,NaN,NaN,NaN,0,0,6.1985154,recent-improved,3,5
4,ERIME,11,20300912,368.27759653239,6.3018256,1,2.22044604925031e-14,9513,NaN,NaN,NaN,NaN,0,0,6.3219567,recent-improved,3,5
4,ERIME,12,20300913,358.652416327791,6.4010724,1,0,9420,NaN,NaN,NaN,NaN,0,0,6.4212861,recent-improved,3,5
4,ERIME,13,20300914,342.494538051812,6.4633106,1,0,9501,NaN,NaN,NaN,NaN,0,0,6.4818279,recent-improved,3,5
4,ERIME,14,20300915,356.412711004994,6.2294664,1,0,9495,NaN,NaN,NaN,NaN,0,0,6.2507848,recent-improved,3,5
4,ERIME,15,20300916,414.887565217252,6.0189067,1,1.59872115546023e-14,9525,NaN,NaN,NaN,NaN,0,0,6.0371879,recent-improved,3,5
4,ERIME,16,20300917,347.264794683246,5.9501245,1,0,9447,NaN,NaN,NaN,NaN,0,0,5.9681152,recent-improved,3,5
4,ERIME,17,20300918,407.592193333394,6.4731916,1,0,9483,NaN,NaN,NaN,NaN,0,0,6.4915205,recent-improved,3,5
4,ERIME,18,20300919,344.883395602264,6.7868722,1,0,9498,NaN,NaN,NaN,NaN,0,0,6.8049635,recent-improved,3,5
4,ERIME,19,20300920,349.300275023994,6.2514552,1,0,9456,NaN,NaN,NaN,NaN,0,0,6.2720914,recent-improved,3,5
4,ERIME,20,20300921,373.392878727952,6.2337586,1,0,9450,NaN,NaN,NaN,NaN,0,0,6.2523705,recent-improved,3,5
4,ERIME,21,20300922,344.017280035241,7.2627734,1,0,9507,NaN,NaN,NaN,NaN,0,0,7.2933414,recent-improved,3,5
4,ERIME,22,20300923,346.394203580121,6.5511073,1,1.59872115546023e-14,9498,NaN,NaN,NaN,NaN,0,0,6.5699508,recent-improved,3,5
4,ERIME,23,20300924,350.961597321725,6.2360808,1,0,9504,NaN,NaN,NaN,NaN,0,0,6.2604282,recent-improved,3,5
4,ERIME,24,20300925,347.821711249964,6.3384914,1,0,9453,NaN,NaN,NaN,NaN,0,0,6.3564368,recent-improved,3,5
4,ERIME,25,20300926,416.27663796393,6.5558955,1,0,9465,NaN,NaN,NaN,NaN,0,0,6.5773824,recent-improved,3,5
4,ERIME,26,20300927,374.685833325416,7.1319551,1,0,9489,NaN,NaN,NaN,NaN,0,0,7.1527101,recent-improved,3,5
4,ERIME,27,20300928,346.604956888063,11.0307913,1,0,9465,NaN,NaN,NaN,NaN,0,0,11.0491044,recent-improved,3,5
4,ERIME,28,20300929,364.723937194115,12.6539072,1,0,9480,NaN,NaN,NaN,NaN,0,0,12.6869595,recent-improved,3,5
4,ERIME,29,20300930,376.402380492459,11.8528859,1,0,9477,NaN,NaN,NaN,NaN,0,0,11.8944537,recent-improved,3,5
4,ERIME,30,20300931,339.586142681047,11.5521458,1,0,9480,NaN,NaN,NaN,NaN,0,0,11.5850926,recent-improved,3,5
4,MSCSO,1,20301002,336.111727539424,22.9135598,1,0,21444,NaN,NaN,NaN,NaN,0,0,22.94621,recent-improved,3,6
4,MSCSO,2,20301003,338.363222431784,22.8712876,1,0,21432,NaN,NaN,NaN,NaN,0,0,22.907689,recent-improved,3,6
4,MSCSO,3,20301004,388.287795260496,22.9312501,1,0,21392,NaN,NaN,NaN,NaN,0,0,22.9659319,recent-improved,3,6
4,MSCSO,4,20301005,333.817150663723,14.8066982,1,0,21447,NaN,NaN,NaN,NaN,0,0,14.8392115,recent-improved,3,6
4,MSCSO,5,20301006,320.657317509766,13.8559259,1,0,21406,NaN,NaN,NaN,NaN,0,0,13.8755806,recent-improved,3,6
4,MSCSO,6,20301007,341.787271452176,12.8086305,1,0,21493,NaN,NaN,NaN,NaN,0,0,12.8260838,recent-improved,3,6
4,MSCSO,7,20301008,335.552863841523,12.8014725,1,0,21437,NaN,NaN,NaN,NaN,0,0,12.8190837,recent-improved,3,6
4,MSCSO,8,20301009,340.388018012004,13.542291,1,0,21407,NaN,NaN,NaN,NaN,0,0,13.5610316,recent-improved,3,6
4,MSCSO,9,20301010,400.810879275257,14.6480071,1,0,21389,NaN,NaN,NaN,NaN,0,0,14.6751561,recent-improved,3,6
4,MSCSO,10,20301011,1322.50278542395,13.0969357,0,6,21443,NaN,NaN,NaN,NaN,0,0,13.1156486,recent-improved,3,6
4,MSCSO,11,20301012,389.416336736909,14.3044627,1,0,21430,NaN,NaN,NaN,NaN,0,0,14.3254531,recent-improved,3,6
4,MSCSO,12,20301013,401.856102334014,14.6572721,1,0,21476,NaN,NaN,NaN,NaN,0,0,14.6821268,recent-improved,3,6
4,MSCSO,13,20301014,335.692181228125,14.4072984,1,0,21501,NaN,NaN,NaN,NaN,0,0,14.427569,recent-improved,3,6
4,MSCSO,14,20301015,329.738970479548,14.8676733,1,0,21473,NaN,NaN,NaN,NaN,0,0,14.8950339,recent-improved,3,6
4,MSCSO,15,20301016,369.209606184712,14.79647,1,0,21453,NaN,NaN,NaN,NaN,0,0,14.8157262,recent-improved,3,6
4,MSCSO,16,20301017,322.518845989027,16.0646921,1,0,21419,NaN,NaN,NaN,NaN,0,0,16.087525,recent-improved,3,6
4,MSCSO,17,20301018,381.050278355061,17.0828198,1,0,21497,NaN,NaN,NaN,NaN,0,0,17.1080313,recent-improved,3,6
4,MSCSO,18,20301019,457.650933480791,16.9252986,1,0,21457,NaN,NaN,NaN,NaN,0,0,16.9489729,recent-improved,3,6
4,MSCSO,19,20301020,393.630278530367,14.3413864,1,0,21507,NaN,NaN,NaN,NaN,0,0,14.3642233,recent-improved,3,6
4,MSCSO,20,20301021,401.534815140194,14.7463899,1,0,21512,NaN,NaN,NaN,NaN,0,0,14.7706136,recent-improved,3,6
4,MSCSO,21,20301022,344.75289885625,14.3547078,1,0,21364,NaN,NaN,NaN,NaN,0,0,14.3808899,recent-improved,3,6
4,MSCSO,22,20301023,387.493154884748,14.7988419,1,0,21468,NaN,NaN,NaN,NaN,0,0,14.8268366,recent-improved,3,6
4,MSCSO,23,20301024,722.451875191443,15.5961743,0,2,21479,NaN,NaN,NaN,NaN,0,0,15.624072,recent-improved,3,6
4,MSCSO,24,20301025,338.302510869781,14.5459378,1,0,21484,NaN,NaN,NaN,NaN,0,0,14.5676473,recent-improved,3,6
4,MSCSO,25,20301026,336.263391101361,14.2767593,1,0,21395,NaN,NaN,NaN,NaN,0,0,14.297495,recent-improved,3,6
4,MSCSO,26,20301027,333.646048076977,14.2894668,1,0,21412,NaN,NaN,NaN,NaN,0,0,14.3084555,recent-improved,3,6
4,MSCSO,27,20301028,308.875239087821,12.9855071,1,0,21439,NaN,NaN,NaN,NaN,0,0,13.0061711,recent-improved,3,6
4,MSCSO,28,20301029,377.171269480006,13.0082312,1,0,21387,NaN,NaN,NaN,NaN,0,0,13.0274745,recent-improved,3,6
4,MSCSO,29,20301030,338.896290301541,13.514299,1,0,21421,NaN,NaN,NaN,NaN,0,0,13.532904,recent-improved,3,6
4,MSCSO,30,20301031,339.706637911531,15.1998649,1,0,21479,NaN,NaN,NaN,NaN,0,0,15.2195797,recent-improved,3,6
4,CVF-AE,1,20300731,336.87439328137,7.6835914,1,0,9386,0,0.0531343,258,162,98,66,0.0014692,formal-main,3,7
4,CVF-AE,2,20300732,339.793338822943,6.8740886,1,0,9291,0,0.0222941,186,128,75,51,0.0029325,formal-main,3,7
4,CVF-AE,3,20300733,346.873910392665,8.0111688,1,0,9390,0,0.0206137,266,180,94,70,0.0019446,formal-main,3,7
4,CVF-AE,4,20300734,333.604423210162,7.1993084,1,0,9372,0,0.0374174,254,144,88,69,0.0020218,formal-main,3,7
4,CVF-AE,5,20300735,342.050794133356,7.6497908,1,0,9353,0,0.0253829,225,143,98,69,0.0023972,formal-main,3,7
4,CVF-AE,6,20300736,393.930513377164,7.1822332,1,0,9299,0,0.0197157,181,123,88,65,0.0020515,formal-main,3,7
4,CVF-AE,7,20300737,381.274987589265,7.2602581,1,0,9335,0,0.0290188,223,157,82,51,0.0014829,formal-main,3,7
4,CVF-AE,8,20300738,337.99568819191,8.2204527,1,0,9409,0,0.0319669,298,166,81,64,0.0016145,formal-main,3,7
4,CVF-AE,9,20300739,345.92248881939,7.2109553,1,0,9339,0,0.0198866,214,125,95,53,0.0014872,formal-main,3,7
4,CVF-AE,10,20300740,337.855326025963,6.7040058,1,0,9297,0,0.0214507,179,125,88,55,0.0028373,formal-main,3,7
4,CVF-AE,11,20300741,341.793453648327,6.4774812,1,0,9353,0,0.020665,231,152,92,65,0.0030247,formal-main,3,7
4,CVF-AE,12,20300742,343.594709444321,6.7039115,1,0,9290,0,0.0254826,177,111,83,58,0.002849,formal-main,3,7
4,CVF-AE,13,20300743,332.335865775115,7.1836593,1,0,9358,0,0.0221934,243,155,85,59,0.0014746,formal-main,3,7
4,CVF-AE,14,20300744,368.769607035197,7.6765576,1,0,9493,0,0.0257408,374,349,89,51,0.0026605,formal-main,3,7
4,CVF-AE,15,20300745,377.941863104282,7.1473906,1,0,9361,0,0.0229811,239,185,92,62,0.0014155,formal-main,3,7
4,CVF-AE,16,20300746,320.288303905662,7.9771796,1,0,9414,0,0.0192079,300,180,84,61,0.0023239,formal-main,3,7
4,CVF-AE,17,20300747,322.934108200487,8.093658,1,0,9418,0,0.0410717,303,191,85,58,0.0016741,formal-main,3,7
4,CVF-AE,18,20300748,376.608972661743,7.0475657,1,0,9330,0,0.0195171,209,126,91,63,0.0022616,formal-main,3,7
4,CVF-AE,19,20300749,378.266968705248,7.1507796,1,0,9364,0,0.0196288,239,200,95,62,0.0026408,formal-main,3,7
4,CVF-AE,20,20300750,341.953710836397,7.0580078,1,0,9316,0,0.0234854,194,122,92,57,0.0024809,formal-main,3,7
4,CVF-AE,21,20300751,379.664175105466,8.2571188,1,0,9324,0,0.0224765,197,130,97,60,0.0023716,formal-main,3,7
4,CVF-AE,22,20300752,350.399375213129,8.1174171,1,0,9338,0,0.0201588,222,148,86,63,0.0015285,formal-main,3,7
4,CVF-AE,23,20300753,331.683282921396,9.6480649,1,0,9382,0,0.0240245,263,142,89,66,0.0011394,formal-main,3,7
4,CVF-AE,24,20300754,357.974025028247,9.3820435,1,0,9306,0,0.0376734,185,108,91,51,0.001794,formal-main,3,7
4,CVF-AE,25,20300755,335.748668375894,9.747701,1,0,9340,0,0.0387748,214,154,96,66,0.0026749,formal-main,3,7
4,CVF-AE,26,20300756,351.877614290882,8.7297039,1,0,9352,0,0.0244378,222,148,100,60,0.0023979,formal-main,3,7
4,CVF-AE,27,20300757,347.118922592789,8.7039026,1,0,9385,0,0.0198235,262,183,93,64,0.0019088,formal-main,3,7
4,CVF-AE,28,20300758,322.032992768159,9.0148343,1,0,9426,0,0.030178,338,212,58,41,0.0014569,formal-main,3,7
4,CVF-AE,29,20300759,331.859290106691,8.5135933,1,0,9322,0,0.034195,199,156,93,65,0.0012819,formal-main,3,7
4,CVF-AE,30,20300760,367.789123835038,7.8629864,1,0,9313,0,0.0235109,202,156,81,58,0.0016041,formal-main,3,7
