FunctionId,Dimension,Algorithm,RunId,Seed,BestObjective,Feasible,TotalViolation,NormalizedViolation,FEs,FirstFeasibleFE,Runtime,CVFTriggers,CVFSuccesses,CVFExtraFEs
1,10,AE,1,21261625,4.16365730639096,1,0,0,3000,5,0.2675546,0,0,0
1,10,AE,2,21261626,2.47429824464858,1,0,0,3000,1,0.2098301,0,0,0
1,10,AE,3,21261627,1.97585555442923,1,0,0,3000,1,0.2425242,0,0,0
1,10,CVF-AE,1,21261625,1.8539882270523,1,0,0,3000,5,0.2269841,4,4,4
1,10,CVF-AE,2,21261626,2.58729242570538,1,0,0,3000,1,0.1963889,2,2,2
1,10,CVF-AE,3,21261627,1.98916669527874,1,0,0,3000,1,0.192607,4,2,4
1,10,CVF-AE-w/o-CVF,1,21261625,4.16365730639096,1,0,0,3000,5,0.1813264,0,0,0
1,10,CVF-AE-w/o-CVF,2,21261626,2.47429824464858,1,0,0,3000,1,0.2104239,0,0,0
1,10,CVF-AE-w/o-CVF,3,21261627,1.97585555442923,1,0,0,3000,1,0.1992635,0,0,0
1,10,DE,1,21261625,116.427241807587,1,0,0,3000,5,0.1224781,0,0,0
1,10,DE,2,21261626,20.1902518196642,1,0,0,3000,1,0.125753,0,0,0
1,10,DE,3,21261627,158.050395128314,1,0,0,3000,1,0.1245757,0,0,0
1,10,PSO,1,21261625,0.252557486848002,1,0,0,3000,5,0.1022051,0,0,0
1,10,PSO,2,21261626,0.80303271446994,1,0,0,3000,1,0.0933147,0,0,0
1,10,PSO,3,21261627,2.54306393914454,1,0,0,3000,1,0.0951167,0,0,0
3,10,AE,1,21263625,19401.7597761889,0,0.0105631520952665,0.0102966515672692,3000,NaN,0.1687257,0,0,0
3,10,AE,2,21263626,8159.62344533356,0,0.0334122318612393,0.0312753977206235,3000,NaN,0.1578105,0,0,0
3,10,AE,3,21263627,23775.7877042607,0,0.00522658445633384,0.00512353958557366,3000,NaN,0.1652468,0,0,0
3,10,CVF-AE,1,21263625,12119.4844413513,0,0.00133203261014936,0.00127875380200032,3000,NaN,0.1740746,272,131,272
3,10,CVF-AE,2,21263626,13512.963039356,0,0.0283199129247951,0.0267570726944084,3000,NaN,0.1738927,272,154,272
3,10,CVF-AE,3,21263627,4759.62296222925,0,0.016780362309425,0.0161886774319317,3000,NaN,0.1663154,272,140,272
3,10,CVF-AE-w/o-CVF,1,21263625,19401.7597761889,0,0.0105631520952665,0.0102966515672692,3000,NaN,0.1567411,0,0,0
3,10,CVF-AE-w/o-CVF,2,21263626,8159.62344533356,0,0.0334122318612393,0.0312753977206235,3000,NaN,0.1568278,0,0,0
3,10,CVF-AE-w/o-CVF,3,21263627,23775.7877042607,0,0.00522658445633384,0.00512353958557366,3000,NaN,0.1615915,0,0,0
3,10,DE,1,21263625,210869.237047281,0,0.033421233325118,0.031283308172693,3000,NaN,0.2975743,0,0,0
3,10,DE,2,21263626,184477.778201304,0,0.0148463294429462,0.0143710518089329,3000,NaN,0.1435801,0,0,0
3,10,DE,3,21263627,105911.717484855,0,0.0122226827501812,0.0118833775796264,3000,NaN,0.177301,0,0,0
3,10,PSO,1,21263625,70888.1725336992,0,8.86409435505442e-05,3.86379575362721e-05,3000,NaN,0.1225927,0,0,0
3,10,PSO,2,21263626,37017.8376530932,0,0.00605347751263707,0.005932249262543,3000,NaN,0.1633698,0,0,0
3,10,PSO,3,21263627,64523.5655443043,1,0,0,3000,2352,0.1306918,0,0,0
6,10,AE,1,21266625,442.427947313835,0,2.13314206909669,0.580846425803744,3000,NaN,0.1865962,0,0,0
6,10,AE,2,21266626,1308.01164702777,0,3.35376213732602,0.62729471909116,3000,NaN,0.1700032,0,0,0
6,10,AE,3,21266627,1770.40195385913,0,4.50103302112239,0.729934877226879,3000,NaN,0.1594992,0,0,0
6,10,CVF-AE,1,21266625,1149.1828152645,0,2.43987626739024,0.512098317485804,3000,NaN,0.2215992,272,101,272
6,10,CVF-AE,2,21266626,331.396599375976,0,1.41181560516755,0.553694199096528,3000,NaN,0.2587115,272,122,272
6,10,CVF-AE,3,21266627,1714.67492722827,0,3.57825021739418,0.689282319050231,3000,NaN,0.1861173,272,127,272
6,10,CVF-AE-w/o-CVF,1,21266625,442.427947313835,0,2.13314206909669,0.580846425803744,3000,NaN,0.1986306,0,0,0
6,10,CVF-AE-w/o-CVF,2,21266626,1308.01164702777,0,3.35376213732602,0.62729471909116,3000,NaN,0.1796411,0,0,0
6,10,CVF-AE-w/o-CVF,3,21266627,1770.40195385913,0,4.50103302112239,0.729934877226879,3000,NaN,0.1997242,0,0,0
6,10,DE,1,21266625,2033.16679256896,0,5.05894990622459,0.710497537480171,3000,NaN,0.1616849,0,0,0
6,10,DE,2,21266626,594.207517802355,0,3.27799609333643,0.612379863956613,3000,NaN,0.1668009,0,0,0
6,10,DE,3,21266627,672.400361937697,0,2.9984423912555,0.546426303808868,3000,NaN,0.1529866,0,0,0
6,10,PSO,1,21266625,9899.58473132781,0,9.5232223605018,0.691811474263013,3000,NaN,0.0998922,0,0,0
6,10,PSO,2,21266626,4247.65487130039,0,4.34242144365878,0.635815170594447,3000,NaN,0.1934646,0,0,0
6,10,PSO,3,21266627,9462.86960468268,0,6.17177227332813,0.572517612743712,3000,NaN,0.1304754,0,0,0
14,10,AE,1,21274625,4.00312484016593,0,0.521050694981587,0.289756717716709,3000,NaN,0.2123194,0,0,0
14,10,AE,2,21274626,4.35533936113764,0,0.528123784161552,0.332840480685712,3000,NaN,0.193898,0,0,0
14,10,AE,3,21274627,4.19432547411291,0,0.835397225098202,0.408078609514151,3000,NaN,0.1644906,0,0,0
14,10,CVF-AE,1,21274625,3.69396136173171,0,0.811740660548762,0.416151111992831,3000,NaN,0.1679306,272,26,272
14,10,CVF-AE,2,21274626,3.62789076774861,0,0.764213091165784,0.427364358871596,3000,NaN,0.1843959,272,17,272
14,10,CVF-AE,3,21274627,4.30283181418578,0,1.02017897406451,0.425071282424073,3000,NaN,0.1580547,272,16,272
14,10,CVF-AE-w/o-CVF,1,21274625,4.00312484016593,0,0.521050694981587,0.289756717716709,3000,NaN,0.1703302,0,0,0
14,10,CVF-AE-w/o-CVF,2,21274626,4.35533936113764,0,0.528123784161552,0.332840480685712,3000,NaN,0.1798179,0,0,0
14,10,CVF-AE-w/o-CVF,3,21274627,4.19432547411291,0,0.835397225098202,0.408078609514151,3000,NaN,0.1514318,0,0,0
14,10,DE,1,21274625,3.9883005492917,0,0.00011875915308579,6.87496987436691e-05,3000,NaN,0.1172761,0,0,0
14,10,DE,2,21274626,4.0119619596682,0,5.46011038378147e-05,4.60106149789126e-06,3000,NaN,0.1750261,0,0,0
14,10,DE,3,21274627,4.01638133265812,0,0.000447605433482767,0.000397289504551417,3000,NaN,0.151646,0,0,0
14,10,PSO,1,21274625,3.74962389126367,1,0,0,3000,2035,0.0909406,0,0,0
14,10,PSO,2,21274626,3.95524224049196,0,0.00014538878175574,9.53705871874855e-05,3000,NaN,0.0935233,0,0,0
14,10,PSO,3,21274627,3.93220299779633,1,0,0,3000,1782,0.0851062,0,0,0
18,10,AE,1,21278625,115.273899783853,0,368.385994724234,0.33303198997349,3000,NaN,0.1556345,0,0,0
18,10,AE,2,21278626,897.927102739736,0,1049.38064475691,0.333227484390708,3000,NaN,0.1671783,0,0,0
18,10,AE,3,21278627,84.0990525685361,0,44.7386057759437,0.330868136683707,3000,NaN,0.2069416,0,0,0
18,10,CVF-AE,1,21278625,143.63409261235,0,519.980801367538,0.333119787110352,3000,NaN,0.1650749,272,40,272
18,10,CVF-AE,2,21278626,1153.65387158124,0,1224.53755622097,0.642989068918031,3000,NaN,0.2227561,272,43,272
18,10,CVF-AE,3,21278627,92.5649073194753,0,91.4848684726654,0.332123212145344,3000,NaN,0.1794453,272,28,272
18,10,CVF-AE-w/o-CVF,1,21278625,115.273899783853,0,368.385994724234,0.33303198997349,3000,NaN,0.1949062,0,0,0
18,10,CVF-AE-w/o-CVF,2,21278626,897.927102739736,0,1049.38064475691,0.333227484390708,3000,NaN,0.179509,0,0,0
18,10,CVF-AE-w/o-CVF,3,21278627,84.0990525685361,0,44.7386057759437,0.330868136683707,3000,NaN,0.2051072,0,0,0
18,10,DE,1,21278625,93.5405306330835,0,4724.93494557285,0.333309819089202,3000,NaN,0.1833456,0,0,0
18,10,DE,2,21278626,219.25,0,739.654333089329,0.333183180673826,3000,NaN,0.1267459,0,0,0
18,10,DE,3,21278627,581.269596890978,0,277.623275102866,0.332933590635863,3000,NaN,0.1404777,0,0,0
18,10,PSO,1,21278625,69.1887871960552,0,36.8204650340061,0.330342758595903,3000,NaN,0.0855664,0,0,0
18,10,PSO,2,21278626,659.04153075728,0,26.1271778210706,0.329134198613905,3000,NaN,0.0817408,0,0,0
18,10,PSO,3,21278627,51.6312454597103,0,0.141320831238839,0.099228330354234,3000,NaN,0.0854533,0,0,0
