Scene,Algorithm,NumRuns,FeasibleRate,FinalMean,FinalStd
1,CVF-AE,30,1,298.137864539111,2.78208655359367
1,CPO,30,1,298.359427916365,5.57943310837686
1,DBO,30,1,344.882678794258,19.9702827242648
1,GWO,30,0.933333333333333,345.369451984251,81.8961556697385
1,AE,30,0.333333333333333,810.325824286047,328.282889753162
1,PSO,30,0.866666666666667,397.508683252933,183.82733574219
1,HHO,30,0.8,450.557517163338,198.362819241478
2,CVF-AE,30,1,301.201825136219,2.90186972412191
2,CPO,30,1,278.119562731852,1.87675641582886
2,DBO,30,1,337.786717755373,29.1339905205832
2,GWO,30,1,341.161120497287,38.8515934412663
2,AE,30,0,1668.40423813825,421.846106869853
2,PSO,30,0.433333333333333,729.948994581617,434.631052838891
2,HHO,30,0.9,395.834300530036,180.517182230101
3,CVF-AE,30,1,349.227029913288,19.8953883191019
3,CPO,30,0.733333333333333,519.879650912483,313.206082734113
3,DBO,30,1,376.304061835975,15.9951175210005
3,GWO,30,0.633333333333333,608.45708450729,333.179590508335
3,AE,30,0,1653.27054260566,200.900207932275
3,PSO,30,0.0333333333333333,1295.45871625515,382.020606804982
3,HHO,30,0.366666666666667,898.343987970181,469.467061570051
